GATE_kc_smart_XRP_kc_smart_2_1_10_0.435,2025-09-19T17:19:00,3.0394060003137926,3.0393685457112847,3.0392288101274145,3.0390962991951573,3.0401,3.0392,3.0386,3.0385,22.930068996232738,0.0013111787767334756
OKX_kc_smart_XRP_kc_smart_2_1_10_0.435,2025-09-19T17:19:00,3.0396136012780666,3.0396293101365996,3.0394603446572175,3.039340281992269,3.0405,3.0397,3.0387,3.0388,24.175128916316492,0.0012141968267876343
BITGET_kc_smart_XRP_kc_smart_2_1_10_0.435,2025-09-19T17:19:00,3.039531894868245,3.039544277619473,3.0393725907795686,3.0391957560923744,3.0397,3.0396,3.0386,3.0384,24.295186231435796,0.0012836989214583482
BITGET_kc_smart_DOGE_kc_smart_2_1_10_0.51,2025-09-19T17:19:00,0.2759673995083468,0.2759569632341019,0.2759484244642652,0.2759450745616715,0.27599,0.27591,0.27591,0.27593,13.698908486338345,0.00021485901426539274
BINANCE_kc_smart_XRP_kc_smart_2_1_10_0.435,2025-09-19T17:24:00,3.038823711731913,3.0389284914170194,3.0388324020684703,3.038662874419657,3.0388,3.0394,3.0384,3.0379,17.942955105561577,0.0012151572611403469
BINANCE_kc_smart_ETH_kc_smart_2_1_10_0.304,2025-09-19T17:25:00,4538.841025320577,4539.05356617138,4539.091099594765,4539.119990577535,4540.7,4540.01,4539.26,4539.25,21.950258804108316,1.476040507830929
GATE_kc_smart_ETH_kc_smart_2_1_10_0.304,2025-09-19T17:25:00,4539.305047058618,4539.54958395705,4539.576932328495,4539.599308268768,4541.05,4540.65,4539.7,4539.7,22.242625584172988,1.6092189383308928
BITGET_kc_smart_ETH_kc_smart_2_1_10_0.304,2025-09-19T17:25:00,4538.690385938133,4538.875770313018,4538.949266619741,4538.122127234333,4540.65,4539.71,4539.28,4534.4,23.312762226704944,1.7294066745198517
OKX_kc_smart_ETH_kc_smart_2_1_10_0.304,2025-09-19T17:25:00,4539.246579006041,4539.421746459488,4539.457792557762,4538.47455754726,4541.0,4540.21,4539.62,4534.05,20.72546931737786,1.8897188879075213
BITGET_kc_smart_SOL_kc_smart_2_1_0.2_0.36,2025-09-19T17:26:00,243.83354040004446,243.80507850912727,243.74960968928593,243.5858624730521,243.733,243.677,243.5,242.849,21.318800922510704,0.17744604313429088
BITGET_kc_smart_BTC_kc_smart_2_2_10_0.232,2025-09-19T17:27:00,116861.76986963305,116853.72080242704,116846.08065653121,116839.8114462528,116833.4,116817.5,116811.7,116811.6,30.27383490277555,11.683045156267204
BITGET_kc_smart_SOL_kc_smart_2_1_10_0.36,2025-09-19T17:27:00,243.80507850912727,243.74960968928593,243.61240792759756,243.49051557712528,243.677,243.5,242.995,242.942,24.96119485935617,0.16862846862469882
BINANCE_kc_smart_SOL_kc_smart_2_1_0.2_0.36,2025-09-19T17:26:00,243.7778890259533,243.75281829396175,243.694124058696,243.55701059347854,243.67,243.64,243.43,242.94,19.860738958878056,0.18868784398657507
GATE_kc_smart_BTC_kc_smart_2_2_10_0.232,2025-09-19T17:28:00,116851.92977091612,116844.23344893137,116835.35464003474,116822.01743275569,116817.0,116809.6,116795.4,116762.0,30.54541702919239,18.035528454372038
OKX_kc_smart_BTC_kc_smart_2_2_10_0.232,2025-09-19T17:28:00,116853.68572176233,116845.21559053281,116833.83093770866,116818.58894903434,116814.0,116807.1,116782.6,116750.0,30.61510043042304,17.656967278256154
BINANCE_kc_smart_BTC_kc_smart_2_2_10_0.232,2025-09-19T17:28:00,116849.91000127865,116841.52636468253,116833.97611655842,116818.38045900234,116815.9,116803.8,116800.0,116748.2,30.82579366534198,16.78165500945102
BITGET_kc_smart_SOL_kc_smart_2_1_0.2_0.36,2025-09-19T17:28:00,243.74960968928593,243.61240792759756,243.47797012257982,243.34233919120163,243.5,242.995,242.873,242.732,28.74827973492128,0.1779509249474229
BITGET_kc_smart_SOL_kc_smart_2_2_10_0.36,2025-09-19T17:29:00,243.61240792759756,243.47797012257982,243.3456119184744,243.24822793329722,242.995,242.873,242.75,242.81,32.2197742041893,0.17352585887975083
OKX_kc_smart_SOL_kc_smart_2_1_0.2_0.36,2025-09-19T17:29:00,243.56413009424608,243.43247007711042,243.30293006309032,243.2151245970739,242.97,242.84,242.72,242.82,28.38898474952241,0.18388035679448594
BINANCE_kc_smart_SOL_kc_smart_2_2_10_0.36,2025-09-19T17:29:00,243.55882877529672,243.42267808887914,243.29310025453745,243.18344566280336,242.95,242.81,242.71,242.69,30.83786563145499,0.1796017468070354
BITGET_kc_smart_SOL_kc_smart_2_2_0.2_0.36,2025-09-19T17:29:00,243.61240792759756,243.47797012257982,243.3456119184744,243.25186429693358,242.995,242.873,242.75,242.83,32.2197742041893,0.1762401445940353
BINANCE_kc_smart_SOL_kc_smart_2_2_0.2_0.36,2025-09-19T17:29:00,243.55882877529672,243.42267808887914,243.29310025453745,243.20344566280338,242.95,242.81,242.71,242.8,30.529364063717903,0.1931731753784638
BITGET_kc_smart_ETH_kc_smart_2_2_10_0.304,2025-09-19T17:30:00,4535.910094189173,4534.206440700233,4533.385269663826,4532.973402452221,4530.03,4526.54,4529.69,4531.12,30.583616975922506,2.210370162734364
BINANCE_kc_smart_SOL_kc_smart_2_1_0.2_0.36,2025-09-19T17:29:00,243.55882877529672,243.42267808887914,243.29310025453745,243.2107183900761,242.95,242.81,242.71,242.84,29.859378470644476,0.1981731753784633
GATE_kc_smart_XRP_kc_smart_2_2_10_0.435,2025-09-19T17:30:00,3.0367831760977984,3.0358044168072893,3.035130886478691,3.0346343616643834,3.0333,3.0314,3.0321,3.0324,30.286816694399594,0.0013886204038335139
GATE_kc_smart_ETH_kc_smart_2_2_10_0.304,2025-09-19T17:30:00,4536.450701478191,4534.759664845793,4533.92154396474,4533.226717789332,4530.4,4527.15,4530.15,4530.1,32.041497190927096,2.2591901853946306
OKX_kc_smart_XRP_kc_smart_2_2_10_0.435,2025-09-19T17:30:00,3.036967839752305,3.036010050706431,3.0354082233052617,3.0349703645224864,3.0334,3.0317,3.0327,3.033,30.79138056920051,0.001291533823502442
BINANCE_kc_smart_ETH_kc_smart_2_2_10_0.304,2025-09-19T17:30:00,4535.999873482031,4534.2671692125705,4533.4058657193755,4532.933890134034,4529.86,4526.47,4529.53,4530.81,30.558486819832424,2.2656538232684054
OKX_kc_smart_XRP_kc_smart_2_1_10_0.435,2025-09-19T17:30:00,3.036967839752305,3.036010050706431,3.0354082233052617,3.0351158190679413,3.0334,3.0317,3.0327,3.0338,29.843754561585808,0.0013486766806452926
OKX_kc_smart_SOL_kc_smart_2_1_10_0.36,2025-09-19T17:31:00,243.30293006309032,243.2151245970739,243.16692012487863,243.12384373853706,242.72,242.82,242.95,242.93,29.959319777490308,0.17949742134684676
OKX_kc_smart_XRP_kc_smart_2_2_10_0.435,2025-09-19T17:31:00,3.036010050706431,3.0354082233052617,3.035097637249759,3.034607157749803,3.0317,3.0327,3.0337,3.0324,30.536544984048863,0.0013737712034563455
BINANCE_kc_smart_SOL_kc_smart_2_2_0.2_0.36,2025-09-19T17:31:00,243.29310025453745,243.20526384462156,243.16067041832673,243.11873034226733,242.71,242.81,242.96,242.93,31.91219949390234,0.18964931958653417
BINANCE_kc_smart_ETH_kc_smart_2_1_10_0.304,2025-09-19T17:31:00,4534.2671692125705,4533.4058657193755,4533.12843558858,4532.995992754292,4526.47,4529.53,4531.88,4532.4,29.916187729433428,2.238974468545123
OKX_kc_smart_SOL_kc_smart_2_1_0.2_0.36,2025-09-19T17:31:00,243.30293006309032,243.2151245970739,243.16692012487863,243.13657101126432,242.72,242.82,242.95,243.0,29.959319777490308,0.18592599277542046
BITGET_kc_smart_XRP_kc_smart_2_2_10_0.435,2025-09-19T17:32:00,3.0352283496157018,3.03493228604921,3.0342536885857174,3.033880290661042,3.0326,3.0336,3.0312,3.0322,31.697805313494708,0.001450498361381183
GATE_kc_smart_SOL_kc_smart_2_2_10_0.36,2025-09-19T17:32:00,243.26321761063838,243.21899622688593,243.18099691290666,243.14990656510545,242.88,243.02,243.01,243.01,30.660465385787006,0.17315471436420943
BITGET_kc_smart_ETH_kc_smart_2_1_10_0.304,2025-09-19T17:32:00,4533.385269663826,4533.0915842704035,4532.931296221239,4533.132878726467,4529.69,4531.77,4532.21,4534.04,29.66158427592826,2.0915983254480723
OKX_kc_smart_SOL_kc_smart_2_2_10_0.36,2025-09-19T17:32:00,243.2151245970739,243.16692012487863,243.1292982839916,243.1185167778113,242.82,242.95,242.96,243.07,30.317040332568283,0.18121699329146218
BITGET_kc_smart_SOL_kc_smart_2_2_10_0.36,2025-09-19T17:32:00,243.25877338784267,243.21372368096218,243.17486482987815,243.16070758808212,242.868,243.011,243.0,243.097,34.134136014060104,0.17465963055558678
BITGET_kc_smart_SOL_kc_smart_2_2_0.2_0.36,2025-09-19T17:32:00,243.25877338784267,243.21372368096218,243.17486482987815,243.17507122444573,242.868,243.011,243.0,243.176,33.14098809367058,0.18280248769844423
OKX_kc_smart_SOL_kc_smart_2_1_0.2_0.36,2025-09-19T17:32:00,243.2151245970739,243.16692012487863,243.1292982839916,243.12397132326583,242.82,242.95,242.96,243.1,29.117062480092887,0.1919312790057483
GATE_kc_smart_SOL_kc_smart_2_1_10_0.36,2025-09-19T17:33:00,243.21899622688593,243.18099691290666,243.16445201965092,243.15455165244163,243.02,243.01,243.09,243.11,28.373599162910935,0.1774701939504413
GATE_kc_smart_ETH_kc_smart_2_1_10_0.304,2025-09-19T17:33:00,4533.653990516605,4533.489628604494,4533.855150676404,4534.145123280694,4532.45,4532.75,4535.5,4535.45,27.516946196888522,2.2097217753636467
BITGET_kc_smart_BTC_kc_smart_1_2_10_0.232,2025-09-19T17:33:00,116802.93560463772,116799.00185833995,116802.09242955086,116804.62107872343,116781.2,116781.3,116816.0,116816.0,40.39861281877358,17.02829362457825
OKX_kc_smart_BTC_kc_smart_1_2_10_0.232,2025-09-19T17:33:00,116803.56044597265,116799.91309215943,116803.27434813044,116806.04264847035,116783.4,116783.5,116818.4,116818.5,35.39551289254071,18.77531842905646
BINANCE_kc_smart_BTC_kc_smart_1_2_10_0.232,2025-09-19T17:32:00,116806.02202843993,116801.58165963266,116797.93044879036,116801.2703671921,116765.3,116781.6,116781.5,116816.3,39.13795294904445,20.32599322854539
GATE_kc_smart_BTC_kc_smart_1_2_10_0.232,2025-09-19T17:33:00,116803.4944647523,116799.91365297914,116802.27480698292,116804.18847844057,116785.0,116783.8,116812.9,116812.8,36.63669188839026,19.727330320184443
OKX_kc_smart_SOL_kc_smart_2_1_10_0.36,2025-09-19T17:33:00,243.16692012487863,243.1292982839916,243.11124405053857,243.1037451322588,242.95,242.96,243.03,243.07,28.344993290811914,0.18179333050533852
BINANCE_kc_smart_ETH_kc_smart_1_1_10_0.304,2025-09-19T17:32:00,4533.4058657193755,4533.12843558858,4532.928720027019,4533.21804365847,4529.53,4531.88,4532.03,4534.52,28.65322746499153,2.2761905779347718
OKX_kc_smart_ETH_kc_smart_1_1_10_0.304,2025-09-19T17:33:00,4533.583822320929,4533.392218262578,4533.6827240330185,4534.227683299742,4532.35,4532.53,4534.99,4536.68,26.900755565953904,2.24188753940047
OKX_kc_smart_SOL_kc_smart_2_1_0.2_0.36,2025-09-19T17:33:00,243.16692012487863,243.1292982839916,243.11124405053857,243.1346542231679,242.95,242.96,243.03,243.24,28.11660648492152,0.19393618764819479
BITGET_kc_smart_ETH_kc_smart_1_1_10_0.304,2025-09-19T17:33:00,4533.0915842704035,4532.931296221239,4533.216515090104,4533.855330528267,4531.77,4532.21,4534.5,4536.73,27.006386073259346,2.1572494654670673
BINANCE_kc_smart_XRP_kc_smart_2_2_10_0.435,2025-09-19T17:33:00,3.0345505959325245,3.033850487581156,3.0333503989300366,3.0329230536700296,3.0332,3.0307,3.0311,3.031,34.36050122063917,0.0015071589086509162
GATE_kc_smart_ETH_kc_smart_1_1_10_0.304,2025-09-19T17:33:00,4533.653990516605,4533.489628604494,4533.855150676404,4534.145123280694,4532.45,4532.75,4535.5,4535.45,27.516946196888522,2.2097217753636467
BITGET_kc_smart_SOL_kc_smart_1_2_0.2_0.36,2025-09-19T17:34:00,243.17486482987815,243.15561667899118,243.18168637372005,243.19210703304367,243.0,243.069,243.299,243.239,30.94323287389531,0.17816132867876108
BINANCE_kc_smart_SOL_kc_smart_1_2_0.2_0.36,2025-09-19T17:33:00,243.16067041832673,243.12418488772187,243.11069672631788,243.13602459426005,242.96,242.96,243.05,243.25,30.39131718098753,0.1974745955327039
GATE_kc_smart_SOL_kc_smart_1_1_10_0.36,2025-09-19T17:34:00,243.18099691290666,243.16445201965092,243.19636983425983,243.213393500758,243.01,243.09,243.34,243.29,26.337266083167446,0.18362028213765483
OKX_kc_smart_SOL_kc_smart_1_1_0.2_0.36,2025-09-19T17:34:00,243.1292982839916,243.11124405053857,243.14010876862244,243.15463444705472,242.96,243.03,243.27,243.22,26.918649191173586,0.18569584771414088
BINANCE_kc_smart_SOL_kc_smart_1_1_0.2_0.36,2025-09-19T17:34:00,243.12418488772187,243.11069672631788,243.1414791397146,243.1521192961301,242.96,243.05,243.28,243.2,29.150946529585912,0.19112436932118512
BITGET_kc_smart_SOL_kc_smart_1_2_10_0.36,2025-09-19T17:35:00,243.15561667899118,243.18168637372005,243.1884706694073,243.18256691133325,243.069,243.299,243.219,243.156,30.131403566121207,0.17364980520170664
OKX_kc_smart_SOL_kc_smart_1_1_10_0.36,2025-09-19T17:35:00,243.11124405053857,243.14010876862244,243.14917990160018,243.1456926467638,243.03,243.27,243.19,243.13,26.198257666400607,0.18074818512231478
BITGET_kc_smart_SOL_kc_smart_1_2_0.2_0.36,2025-09-19T17:35:00,243.15561667899118,243.18168637372005,243.1884706694073,243.17583963860596,243.069,243.299,243.219,243.119,30.335814043868783,0.17629266234456423
OKX_kc_smart_SOL_kc_smart_1_1_0.2_0.36,2025-09-19T17:35:00,243.11124405053857,243.14010876862244,243.14917990160018,243.1366017376729,243.03,243.27,243.19,243.08,26.425425440237166,0.18360532797945708
BITGET_kc_smart_SOL_kc_smart_1_1_10_0.36,2025-09-19T17:36:00,243.18168637372005,243.1884706694073,243.17583963860596,243.1593233406776,243.299,243.219,243.119,243.085,29.977025858781825,0.16620032931995227
OKX_kc_smart_BTC_kc_smart_1_1_10_0.232,2025-09-19T17:36:00,116808.51537574307,116814.89439833524,116817.54996227426,116816.55906004258,116832.1,116843.6,116829.5,116812.1,29.375623606167746,18.716109023347105
OKX_kc_smart_SOL_kc_smart_1_1_10_0.36,2025-09-19T17:36:00,243.14010876862244,243.14917990160018,243.13841991949107,243.12416175231087,243.27,243.19,243.09,243.06,26.2812609306158,0.17533760047071986
OKX_kc_smart_BTC_kc_smart_2_2_10_0.232,2025-09-19T17:41:00,116815.67086588874,116808.20343572713,116796.11190195856,116786.20064705699,116811.7,116774.6,116741.7,116741.6,31.841443839622755,17.753970941431103
BINANCE_kc_smart_ETH_kc_smart_2_1_10_0.304,2025-09-19T17:40:00,4534.911928496888,4534.6606687701815,4534.246001721058,4533.819455953592,4533.53,4533.53,4532.38,4531.9,21.32771643829647,1.7929551304668985
BITGET_kc_smart_ETH_kc_smart_2_1_10_0.304,2025-09-19T17:41:00,4534.594303981628,4534.182612348605,4533.702137376131,4533.309021489561,4533.21,4532.33,4531.54,4531.54,22.485657801447605,1.6079422252632622
OKX_kc_smart_SOL_kc_smart_2_1_10_0.36,2025-09-19T17:41:00,243.14687311893988,243.13107800640535,243.1108820052407,243.0979943679242,243.19,243.06,243.02,243.04,26.80837257331778,0.16669836649722397
GATE_kc_smart_SOL_kc_smart_2_1_10_0.36,2025-09-19T17:41:00,243.19463575105522,243.1792474326815,243.15938426310302,243.1394962152661,243.23,243.11,243.07,243.05,19.534052676916644,0.16754461797122186
BITGET_kc_smart_BTC_kc_smart_2_2_10_0.232,2025-09-19T17:41:00,116811.00821820582,116804.26126944112,116792.30467499729,116782.52200681595,116803.8,116773.9,116738.5,116738.5,37.5354035688059,16.847436203844836
GATE_kc_smart_ETH_kc_smart_2_1_10_0.304,2025-09-19T17:41:00,4535.150809952702,4534.6870263249375,4534.189385174948,4533.791315143139,4534.15,4532.6,4531.95,4532.0,22.058644170768996,1.7809308925876768
OKX_kc_smart_ETH_kc_smart_2_1_10_0.304,2025-09-19T17:41:00,4534.8830870869415,4534.4207076165885,4533.9060335044815,4533.484936503666,4533.63,4532.34,4531.59,4531.59,23.306850661314712,1.7155246525478625
BINANCE_kc_smart_BTC_kc_smart_2_2_10_0.232,2025-09-19T17:40:00,116810.39716319989,116809.14313352718,116801.88074561315,116795.9387918653,116803.5,116803.5,116769.2,116769.2,33.49898843349797,16.686741368925926
BINANCE_kc_smart_SOL_kc_smart_2_1_10_0.36,2025-09-19T17:40:00,243.1348681535187,243.1448921256062,243.13127537549596,243.10922530722397,243.08,243.19,243.07,243.01,27.83925541280752,0.178405092989068
BITGET_kc_smart_SOL_kc_smart_2_2_10_0.36,2025-09-19T17:41:00,243.1842682919186,243.17003769338794,243.1494853854992,243.13248804268116,243.232,243.106,243.057,243.056,30.27006238219248,0.15567893111058587
GATE_kc_smart_BTC_kc_smart_2_2_10_0.232,2025-09-19T17:41:00,116812.66626161773,116803.99966859633,116791.47245612426,116781.2411004653,116803.3,116765.0,116735.1,116735.2,34.313409755495776,19.732200707520864
BITGET_kc_smart_SOL_kc_smart_2_1_10_0.36,2025-09-19T17:42:00,243.17003769338794,243.1494853854992,243.15139713359025,243.1331431093011,243.106,243.057,243.16,243.051,29.14541728432492,0.15945186460268704
BITGET_kc_smart_SOL_kc_smart_2_2_10_0.36,2025-09-19T17:42:00,243.17003769338794,243.1494853854992,243.15139713359025,243.1129612911193,243.106,243.057,243.16,242.94,30.142285601370773,0.1673804360312598
OKX_kc_smart_SOL_kc_smart_2_1_0.2_0.36,2025-09-19T17:43:00,243.1108820052407,243.11435800428785,243.07902018532639,243.0137437879943,243.02,243.13,242.92,242.72,27.179363438052125,0.18377125915904988
OKX_kc_smart_DOGE_kc_smart_2_2_10_0.51,2025-09-19T17:43:00,0.2749149851459415,0.27487044239213393,0.2747794528662914,0.27466318870878387,0.27458,0.27467,0.27437,0.27414,30.40404545183314,0.0002455347112197903
BINANCE_kc_smart_DOGE_kc_smart_2_2_10_0.51,2025-09-19T17:43:00,0.27485801366313556,0.2748147384516563,0.274728422369537,0.2746087092114393,0.27452,0.27462,0.27434,0.27407,30.71147810291499,0.00025027526088461637
OKX_kc_smart_SOL_kc_smart_2_1_10_0.36,2025-09-19T17:44:00,243.11435800428785,243.07902018532639,243.01010742435793,242.94463334720194,243.13,242.92,242.7,242.65,28.534011565717957,0.17493045493340362
BINANCE_kc_smart_SOL_kc_smart_2_1_0.2_0.36,2025-09-19T17:43:00,243.11104348904215,243.11812649103447,243.07846712902818,243.0096549237503,243.02,243.15,242.9,242.7,28.790085062885073,0.18432772412946946
BITGET_kc_smart_DOGE_kc_smart_2_2_10_0.51,2025-09-19T17:44:00,0.27512750562488825,0.27504250460218127,0.2749256855836028,0.27478101547749323,0.27493,0.27466,0.2744,0.27413,30.99718012349892,0.00023415942749770532
GATE_kc_smart_DOGE_kc_smart_2_2_10_0.51,2025-09-19T17:44:00,0.27488473025516585,0.27479477929968116,0.27467209215428456,0.2745644390353237,0.2747,0.27439,0.27412,0.27408,32.23976669884512,0.00022653118890960685
OKX_kc_smart_SOL_kc_smart_2_1_0.2_0.36,2025-09-19T17:44:00,243.11435800428785,243.07902018532639,243.01010742435793,242.90281516538374,243.13,242.92,242.7,242.42,29.591653779626267,0.19564474064768875
BITGET_kc_smart_SOL_kc_smart_2_2_0.2_0.36,2025-09-19T17:44:00,243.15139713359025,243.11277947293746,243.04318320513062,242.94005898601597,243.16,242.939,242.73,242.476,34.06089546255231,0.17832802902695252
BINANCE_kc_smart_SOL_kc_smart_2_2_0.2_0.36,2025-09-19T17:44:00,243.11812649103447,243.07846712902818,243.0096549237503,242.90608130125025,243.15,242.9,242.7,242.44,31.039926330674756,0.19044717240593464
OKX_kc_smart_SOL_kc_smart_2_2_0.2_0.36,2025-09-19T17:45:00,243.07902018532639,243.01010742435793,242.93554243811104,242.88180744936358,242.92,242.7,242.6,242.64,31.802919926069226,0.18952725917285276
GATE_kc_smart_SOL_kc_smart_2_1_0.2_0.36,2025-09-19T17:45:00,243.12619938273838,243.0632540404223,242.9862987603455,242.93606262210085,242.96,242.78,242.64,242.71,23.38729452032091,0.1907533796823247
OKX_kc_smart_ETH_kc_smart_2_2_10_0.304,2025-09-19T17:45:00,4533.086187717876,4532.065062678262,4530.876869464032,4530.001075016025,4530.67,4527.47,4525.53,4526.06,30.715436506216836,1.838846061945692
BITGET_kc_smart_SOL_kc_smart_2_2_10_0.36,2025-09-19T17:45:00,243.11277947293746,243.04318320513062,242.96642262237958,242.92198214558329,242.939,242.73,242.621,242.722,36.29272101615275,0.17340663919849766
BITGET_kc_smart_SOL_kc_smart_2_2_0.2_0.36,2025-09-19T17:45:00,243.11277947293746,243.04318320513062,242.96642262237958,242.91598214558326,242.939,242.73,242.621,242.689,35.791054647510165,0.17704949634135395
BITGET_kc_smart_ETH_kc_smart_2_2_10_0.304,2025-09-19T17:46:00,4531.856407323215,4530.655242355357,4530.090652836201,4529.545079593256,4527.31,4525.25,4527.55,4527.09,30.721246551981015,1.7715960421765347
BITGET_kc_smart_SOL_kc_smart_2_2_10_0.36,2025-09-19T17:46:00,243.04318320513062,242.96642262237958,242.939254872856,242.9141176232458,242.73,242.621,242.817,242.801,36.21467477804261,0.1701786139496267
BITGET_kc_smart_DOGE_kc_smart_2_2_0.2_0.51,2025-09-19T17:46:00,0.2749256855836028,0.2747828336593114,0.27470959117580024,0.2745696655074729,0.2744,0.27414,0.27438,0.27394,36.42715884251412,0.00027649096408876374
BITGET_kc_smart_SOL_kc_smart_2_2_0.2_0.36,2025-09-19T17:46:00,243.04318320513062,242.96642262237958,242.939254872856,242.87902671415492,242.73,242.621,242.817,242.608,36.6579413330778,0.1868214710924821
BINANCE_kc_smart_ETH_kc_smart_2_2_10_0.304,2025-09-19T17:46:00,4532.01444145153,4530.795452096706,4530.2308244427595,4529.165219998621,4527.51,4525.31,4527.69,4524.37,30.843475318256868,2.096410718826602
BITGET_kc_smart_XRP_kc_smart_1_2_10_0.385_0.478_2,2025-09-24T13:42:00,2.8486292486894165,2.8494784762004315,2.850373298709444,2.850996335307727,2.8547,2.8533,2.8544,2.8538,30.373268149056386,0.0020146711381707266
GATE_kc_smart_ETH_kc_smart_1_2_10_0.23_0.334_2,2025-09-24T13:42:00,4157.15218074588,4157.715420610265,4158.721707772034,4159.626851813482,4161.75,4160.25,4163.25,4163.7,33.86657566440504,2.6086773939845607
OKX_kc_smart_ETH_kc_smart_1_2_10_0.23_0.334_2,2025-09-24T13:42:00,4157.276199983645,4157.864163622982,4158.872497509712,4159.802952507946,4161.93,4160.51,4163.41,4163.99,35.48135558238125,2.6333050248926972
GATE_kc_smart_DOGE_kc_smart_1_2_10_0.46_0.561_2,2025-09-24T13:42:00,0.23830449181710855,0.2383945842139979,0.23849738708418008,0.23858513488705643,0.23887,0.2388,0.23896,0.23898,41.70028542613525,0.0002528068986312454
GATE_kc_smart_SOL_kc_smart_1_2_10_0.31_0.396_2,2025-09-24T13:42:00,208.9961258509589,209.04410296896634,209.11426606551788,209.17167223542373,209.4,209.26,209.43,209.43,35.3729841582417,0.23502619221892224
GATE_kc_smart_XRP_kc_smart_1_2_10_0.385_0.478_2,2025-09-24T13:42:00,2.8484402144977743,2.849251084589088,2.8501145237547085,2.8508755194356703,2.855,2.8529,2.854,2.8543,30.133912250368226,0.0020759708293260934
BITGET_kc_smart_DOGE_kc_smart_1_2_10_0.46_0.561_2,2025-09-24T13:42:00,0.238412451401049,0.23849382387358553,0.23859858316929722,0.23867520441124315,0.23899,0.23886,0.23907,0.23902,41.91188523119457,0.00027746656346576187
GATE_kc_smart_BTC_kc_smart_1_2_10_0.18_0.255_2,2025-09-24T13:42:00,112335.71565954109,112347.16735780635,112361.44602002337,112373.11038001912,112409.9,112398.7,112425.7,112425.6,41.781890777106064,30.34223986299867
BINANCE_kc_smart_DOGE_kc_smart_1_2_10_0.46_0.561_2,2025-09-24T13:42:00,0.23829534822870393,0.23838892127803046,0.2384909355911158,0.2385816745745493,0.23886,0.23881,0.23895,0.23899,42.71893486334752,0.00029036177781499725
BITGET_kc_smart_BTC_kc_smart_1_2_10_0.18_0.255_2,2025-09-24T13:42:00,112330.72156141669,112343.9176411591,112359.64170640291,112373.50685069329,112401.8,112403.3,112430.4,112435.9,41.23987397195631,27.173461714284283
BINANCE_kc_smart_BTC_kc_smart_1_2_10_0.18_0.255_2,2025-09-24T13:42:00,112338.98454673484,112350.07826551031,112365.31858087206,112377.7879298044,112414.9,112400.0,112433.9,112433.9,42.96490463764318,30.97031589854976
BITGET_kc_smart_SOL_kc_smart_1_2_10_0.31_0.396_2,2025-09-24T13:42:00,208.98727177713897,209.03504054493186,209.10339680948968,209.142051935037,209.42,209.25,209.411,209.316,34.02486786848838,0.22877740438627653
BINANCE_kc_smart_SOL_kc_smart_1_2_10_0.31_0.396_2,2025-09-24T13:42:00,208.9445696199787,208.99282968907346,209.06140610924191,209.11387772574338,209.38,209.21,209.37,209.35,33.129211667548425,0.2365748553556021
BINANCE_kc_smart_XRP_kc_smart_1_2_10_0.385_0.478_2,2025-09-24T13:42:00,2.848626577756802,2.849403563619201,2.8502574611429825,2.8508833772988034,2.8548,2.8529,2.8541,2.8537,31.48975383781574,0.0021422611803357024
BITGET_kc_smart_ETH_kc_smart_1_2_10_0.23_0.334_2,2025-09-24T13:42:00,4157.231509152298,4157.791234760971,4158.81646480443,4159.66801665817,4161.75,4160.31,4163.43,4163.5,36.3472873915212,2.446228594788717
OKX_kc_smart_BTC_kc_smart_1_2_10_0.18_0.255_2,2025-09-24T13:42:00,112339.42236301377,112351.05466064761,112367.95381325713,112382.63493811947,112422.0,112403.4,112444.0,112448.7,41.628624740947,32.116352361005305
OKX_kc_smart_XRP_kc_smart_1_2_10_0.385_0.478_2,2025-09-24T13:42:00,2.8484712516951487,2.8493128422960305,2.850201416424025,2.8509466134378383,2.8545,2.8531,2.8542,2.8543,30.86087778919266,0.002117487747179646
OKX_kc_smart_DOGE_kc_smart_1_2_10_0.46_0.561_2,2025-09-24T13:42:00,0.238283879866449,0.23837408352709463,0.23847515924944107,0.23855785756772452,0.23885,0.23878,0.23893,0.23893,40.978142205209245,0.00029926614778044545
BINANCE_kc_smart_ETH_kc_smart_1_2_10_0.23_0.334_2,2025-09-24T13:42:00,4157.410668128287,4157.9760011958715,4159.013091887531,4160.048893362526,4161.99,4160.52,4163.68,4164.71,34.35312542658885,2.6407934180663117
OKX_kc_smart_SOL_kc_smart_1_2_10_0.31_0.396_2,2025-09-24T13:42:00,208.94938357641217,208.99676838070084,209.06826503875521,209.11585321352698,209.38,209.21,209.39,209.33,34.72241263476663,0.24257545533993077
BITGET_kc_smart_SOL_kc_smart_2_2_10_0.31_0.396_2,2025-09-24T13:46:00,209.2649019964352,209.34946526981062,209.3624715843905,209.3540222054104,209.776,209.73,209.421,209.316,37.83858108141763,0.24817599670797472
BITGET_kc_smart_SOL_kc_smart_1_2_10_0.31_0.396_2,2025-09-24T13:46:00,209.2649019964352,209.34946526981062,209.3624715843905,209.3540222054104,209.776,209.73,209.421,209.316,37.83858108141763,0.24817599670797472
BITGET_kc_smart_XRP_kc_smart_1_2_0.375_0.385_0.478_2,2025-09-24T13:51:00,2.8547850879922487,2.85513325381184,2.855290844027869,2.8560015996591654,2.8569,2.8567,2.856,2.8592,44.10679952615002,0.0022763730330814893
BINANCE_kc_smart_BTC_kc_smart_1_2_0.2_0.18_0.255_2,2025-09-24T13:51:00,112444.9513690435,112457.59657467194,112466.0517429134,112488.46051692915,112531.9,112514.5,112504.1,112589.3,55.14896240298041,45.59566167503919
BITGET_kc_smart_XRP_kc_smart_1_2_10_0.385_0.478_2,2025-09-24T13:52:00,2.85513325381184,2.855290844027869,2.855710690568256,2.8559632922831186,2.8567,2.856,2.8576,2.8571,45.38626676550123,0.0021994892450042623
GATE_kc_smart_XRP_kc_smart_2_1_0.375_0.385_0.478_1,2025-09-24T14:33:00,2.855086729608767,2.8544345969526272,2.8536646702339676,2.853034730191428,2.8506,2.8515,2.8502,2.8502,21.284155278083187,0.002481945786176994
BITGET_kc_smart_DOGE_kc_smart_1_1_10_0.46_0.561_1,2025-09-24T14:33:00,0.23803311684105224,0.23802164105176998,0.23801406995144814,0.23803151177845755,0.23789,0.23797,0.23798,0.23811,18.110877840385786,0.00027869757379201776
GATE_kc_smart_SOL_kc_smart_1_1_10_0.31_0.396_1,2025-09-24T14:33:00,209.0254368451548,209.04808469149026,209.0557056566738,209.06194099182403,209.11,209.15,209.09,209.09,14.371359755703011,0.24553846026174314
BINANCE_kc_smart_ETH_kc_smart_2_1_10_0.23_0.334_1,2025-09-24T14:33:00,4169.637096397325,4170.148533415993,4170.105163703995,4170.000588485086,4172.5,4172.45,4169.91,4169.53,20.869955382102273,2.5881149999828845
GATE_kc_smart_DOGE_kc_smart_2_1_10_0.46_0.561_1,2025-09-24T14:33:00,0.2379363397973341,0.2379260961978188,0.23791771507094264,0.23790722142168033,0.23781,0.23788,0.23788,0.23786,22.213070911422452,0.0002589778465647132
OKX_kc_smart_DOGE_kc_smart_1_1_10_0.46_0.561_1,2025-09-24T14:33:00,0.2379200032214897,0.23791272990849155,0.23790677901603852,0.2379200919222133,0.23782,0.23788,0.23788,0.23798,19.444121677190157,0.0002871537074460342
GATE_kc_smart_ETH_kc_smart_2_1_10_0.23_0.334_1,2025-09-24T14:33:00,4168.923374112126,4169.44639700083,4169.401597546133,4169.364943446836,4171.75,4171.8,4169.2,4169.2,19.338076897645838,2.6924228170441924
BITGET_kc_smart_XRP_kc_smart_2_1_0.375_0.385_0.478_1,2025-09-24T14:33:00,2.855457302980006,2.8547377933472777,2.853985467284136,2.8535517459597477,2.8511,2.8515,2.8506,2.8516,21.88790864492141,0.002654347278592539
BITGET_kc_smart_BTC_kc_smart_2_1_10_0.18_0.255_3,2025-09-24T14:33:00,112552.11383578698,112547.82041109842,112541.3257908987,112536.01201073529,112527.5,112528.5,112512.1,112512.1,28.748788453478483,30.581095631376176
BINANCE_kc_smart_BTC_kc_smart_2_1_10_0.18_0.255_3,2025-09-24T14:33:00,112563.77693528617,112559.6720379614,112553.07712196841,112547.68128161051,112538.9,112541.2,112523.4,112523.4,28.357554064428054,35.90122686249621
OKX_kc_smart_ETH_kc_smart_1_1_10_0.23_0.334_1,2025-09-24T14:33:00,4168.939366763816,4169.379481897668,4169.363212461728,4169.475355650505,4171.54,4171.36,4169.29,4169.98,19.967083585151425,2.9255461644357945
BITGET_kc_smart_ETH_kc_smart_1_1_10_0.23_0.334_1,2025-09-24T14:33:00,4169.466400234874,4169.999782010351,4169.98163982665,4170.037705312714,4172.36,4172.4,4169.9,4170.29,20.528610920229323,2.6044627821568445
OKX_kc_smart_BTC_kc_smart_2_1_10_0.18_0.255_1,2025-09-24T14:33:00,112554.16940362359,112550.10223932838,112542.7563776323,112536.30976351732,112521.9,112531.8,112509.7,112507.3,22.27007966111304,37.837902442559304
OKX_kc_smart_SOL_kc_smart_1_1_10_0.31_0.396_1,2025-09-24T14:33:00,208.9757818540587,209.00200333513894,209.01073000147733,209.04150636484508,209.06,209.12,209.05,209.18,15.431046448027248,0.24594154987098027
GATE_kc_smart_BTC_kc_smart_2_1_10_0.18_0.255_3,2025-09-24T14:33:00,112550.63336612639,112546.10002683068,112539.44547649781,112534.01902622548,112520.3,112525.7,112509.5,112509.6,26.889964740677005,33.98009966297624
BINANCE_kc_smart_SOL_kc_smart_1_1_10_0.31_0.396_1,2025-09-24T14:33:00,208.97784108336708,209.00186997730034,209.01243907233663,209.04290469554815,209.07,209.11,209.06,209.18,15.313150873455761,0.2530511229351918
OKX_kc_smart_XRP_kc_smart_2_1_0.375_0.385_0.478_1,2025-09-24T14:33:00,2.8552506579458274,2.854586901955677,2.8538438288728267,2.853417678168676,2.8508,2.8516,2.8505,2.8515,22.161067654128846,0.0026147645313139354
BITGET_kc_smart_SOL_kc_smart_1_1_10_0.31_0.396_1,2025-09-24T14:33:00,209.00712748820106,209.0351043085281,209.0434489797048,209.07464007430391,209.111,209.161,209.081,209.215,14.97537531705787,0.23819847778216005
BINANCE_kc_smart_DOGE_kc_smart_2_1_10_0.46_0.561_1,2025-09-24T14:33:00,0.23794315752014863,0.23792985615284887,0.2379226095796036,0.23791486238331203,0.23782,0.23787,0.23789,0.23788,15.383000722505455,0.00027030102988395466
BINANCE_kc_smart_XRP_kc_smart_2_1_0.375_0.385_0.478_1,2025-09-24T14:33:00,2.855453660055683,2.8548075400455586,2.854078896400911,2.853591824328018,2.8513,2.8519,2.8508,2.8514,22.059713399943593,0.0026457231226923146
BITGET_kc_smart_BTC_kc_smart_1_1_10_0.18_0.255_3,2025-09-24T14:33:00,112552.11383578698,112547.82041109842,112541.3257908987,112542.88473800801,112527.5,112528.5,112512.1,112549.9,27.743909260567847,33.28109563137638
BINANCE_kc_smart_ETH_kc_smart_1_1_10_0.23_0.334_1,2025-09-24T14:33:00,4169.637096397325,4170.148533415993,4170.105163703995,4170.151497575996,4172.5,4172.45,4169.91,4170.36,20.86995538210227,2.6195435714114272
OKX_kc_smart_BTC_kc_smart_1_1_10_0.18_0.255_1,2025-09-24T14:33:00,112554.16940362359,112550.10223932838,112542.7563776323,112545.10976351732,112521.9,112531.8,112509.7,112555.7,21.214409109865667,41.13075958541686
BINANCE_kc_smart_DOGE_kc_smart_1_1_10_0.46_0.561_1,2025-09-24T14:33:00,0.23794315752014863,0.23792985615284887,0.2379226095796036,0.23794577147422113,0.23782,0.23787,0.23789,0.23805,15.522429498821936,0.00028601531559824023
GATE_kc_smart_DOGE_kc_smart_1_1_10_0.46_0.561_1,2025-09-24T14:34:00,0.2379260961978188,0.23791771507094264,0.2379817668762258,0.2380341728987302,0.23788,0.23788,0.23827,0.23827,21.382281280744987,0.0002690508575243737
GATE_kc_smart_BTC_kc_smart_1_1_10_0.18_0.255_1,2025-09-24T14:34:00,112546.10002683068,112539.44547649781,112543.0008444073,112545.8915999696,112525.7,112509.5,112559.0,112558.9,24.1415445987495,34.83662315643715
GATE_kc_smart_ETH_kc_smart_1_1_10_0.23_0.334_1,2025-09-24T14:34:00,4169.44639700083,4169.401597546133,4169.8740343559275,4170.315119018486,4171.8,4169.2,4172.0,4172.3,19.53841392510103,2.8052089423573725
BINANCE_kc_smart_BTC_kc_smart_1_1_10_0.18_0.255_3,2025-09-24T14:34:00,112559.6720379614,112553.07712196841,112556.37219070141,112559.04997421024,112541.2,112523.4,112571.2,112571.1,25.70476879306692,36.51440453558278
BITGET_kc_smart_BTC_kc_smart_1_1_10_0.18_0.255_1,2025-09-24T14:36:00,112544.03019255347,112546.26106663464,112559.64996361017,112567.85906113559,112556.2,112556.3,112619.9,112604.8,24.6802249673998,32.33050914800849
GATE_kc_smart_XRP_kc_smart_1_1_0.375_0.385_0.478_1,2025-09-24T14:36:00,2.8535983665550644,2.853344118090507,2.8535360966195054,2.853565897234141,2.8533,2.8522,2.8544,2.8537,17.211172605803487,0.002586070608372334
BINANCE_kc_smart_XRP_kc_smart_1_1_0.375_0.385_0.478_1,2025-09-24T14:35:00,2.854078896400911,2.853937278873473,2.853712319078296,2.8540918974276965,2.8508,2.8533,2.8527,2.8558,18.902534722763207,0.0027795848791144456
OKX_kc_smart_XRP_kc_smart_1_1_0.375_0.385_0.478_1,2025-09-24T14:36:00,2.8537267690777672,2.8535219019727185,2.853627010704951,2.8537675542131415,2.8532,2.8526,2.8541,2.8544,17.827133129922583,0.0025997299941210453
BITGET_kc_smart_XRP_kc_smart_1_1_0.375_0.385_0.478_1,2025-09-24T14:36:00,2.853806291414293,2.8536051475207853,2.853713302517006,2.853856338423005,2.853,2.8527,2.8542,2.8545,17.75424260987203,0.002700695376794813
BITGET_kc_smart_XRP_kc_smart_1_1_0.375_0.385_0.478_1,2025-09-24T14:36:00,2.853806291414293,2.8536051475207853,2.853713302517006,2.853856338423005,2.853,2.8527,2.8542,2.8545,17.75424260987203,0.002700695376794813
BINANCE_kc_smart_BTC_kc_smart_1_1_10_0.18_0.255_1,2025-09-24T14:36:00,112556.37219070141,112559.06815602841,112573.9830367505,112585.84066643222,112571.2,112571.2,112641.1,112639.2,24.841255650084907,36.853236563844575
BINANCE_kc_smart_BTC_kc_smart_1_1_10_0.18_0.255_1,2025-09-24T14:36:00,112556.37219070141,112559.06815602841,112573.9830367505,112585.84066643222,112571.2,112571.2,112641.1,112639.2,24.841255650084907,36.853236563844575
BITGET_kc_smart_DOGE_kc_smart_1_1_10_0.46_0.561_3,2025-09-24T14:40:00,0.2384148859464583,0.23845763395619313,0.23852170050961252,0.23855957314422843,0.23866,0.23865,0.23881,0.23873,29.03580980425536,0.00029049627433154083
BINANCE_kc_smart_DOGE_kc_smart_1_1_10_0.46_0.561_3,2025-09-24T14:40:00,0.23832002628400945,0.23836183968691682,0.23842514156202282,0.23847875218710957,0.23857,0.23855,0.23871,0.23872,27.972297703578878,0.00028714082709193646
BINANCE_kc_smart_SOL_kc_smart_1_1_10_0.31_0.396_3,2025-09-24T14:40:00,209.319687023256,209.34519847357308,209.4024351147416,209.4492650938795,209.44,209.46,209.66,209.66,25.48746733338689,0.23131937871014427
OKX_kc_smart_BTC_kc_smart_2_1_10_0.18_0.255_1,2025-09-24T14:40:00,112554.03830303944,112548.61315703226,112553.86531029912,112553.25343569927,112519.3,112524.2,112577.5,112550.5,18.80704521386842,41.15928764467002
OKX_kc_smart_DOGE_kc_smart_1_1_10_0.46_0.561_3,2025-09-24T14:40:00,0.23830428717684493,0.2383471440537822,0.23840948149854907,0.23845684849881288,0.23857,0.23854,0.23869,0.23867,28.12443515412625,0.00029658160280195486
BITGET_kc_smart_BTC_kc_smart_2_1_10_0.18_0.255_1,2025-09-24T14:40:00,112552.19543018533,112546.26898833344,112549.51099045463,112548.85444673558,112517.3,112519.6,112564.1,112545.9,19.8157064066291,34.10494028691187
GATE_kc_smart_DOGE_kc_smart_1_1_10_0.46_0.561_3,2025-09-24T14:40:00,0.2383144260962309,0.23835907589691618,0.23843197118838594,0.23848434006322486,0.23857,0.23856,0.23876,0.23872,28.44907008744578,0.00027675178549979265
OKX_kc_smart_XRP_kc_smart_2_1_0.375_0.385_0.478_1,2025-09-24T14:40:00,2.85312717245538,2.852813141099856,2.8529562063544276,2.8529096233808953,2.8518,2.8514,2.8536,2.8527,15.337954740072298,0.002591442064819085
BITGET_kc_smart_XRP_kc_smart_2_1_0.375_0.385_0.478_1,2025-09-24T14:40:00,2.8533287397014666,2.8530507870284723,2.8531870075687498,2.8531166425562495,2.8521,2.8518,2.8538,2.8528,15.09353913335952,0.002700764653851289
GATE_kc_smart_SOL_kc_smart_1_1_10_0.31_0.396_3,2025-09-24T14:43:00,209.4499651528828,209.49178967054047,209.52600973044218,209.56309887036176,209.55,209.68,209.68,209.73,25.330669725841116,0.21802934284180892
BITGET_kc_smart_SOL_kc_smart_1_1_10_0.31_0.396_3,2025-09-24T14:43:00,209.44654366711814,209.4884448185512,209.51890939699643,209.55074405208796,209.554,209.677,209.656,209.694,25.060963235818026,0.21251623845652529
BINANCE_kc_smart_XRP_kc_smart_2_1_0.375_0.385_0.478_1,2025-09-24T14:42:00,2.8531303110769524,2.852761163608416,2.852568224770522,2.8523194566304273,2.8536,2.8511,2.8517,2.8512,14.65063883553057,0.002482241067900143
BINANCE_kc_smart_DOGE_kc_smart_1_2_10_0.46_0.561_2,2025-09-24T14:42:00,0.23842514156202282,0.23844238855074593,0.2384728633597012,0.23849234274884643,0.23871,0.23852,0.23861,0.23858,30.315580055798005,0.00028773513006542496
OKX_kc_smart_DOGE_kc_smart_1_2_10_0.46_0.561_2,2025-09-24T14:43:00,0.23842593940790377,0.23845213224283032,0.23847174456231568,0.23848415464189465,0.2385,0.23857,0.23856,0.23854,30.790062666801703,0.0002722523672163296
GATE_kc_smart_DOGE_kc_smart_1_2_10_0.46_0.561_2,2025-09-24T14:43:00,0.23844615824504303,0.23847594765503521,0.23849486626321062,0.23851761785171777,0.23851,0.23861,0.23858,0.23862,31.057946181588516,0.0002585001410454654
BINANCE_kc_smart_BTC_kc_smart_2_1_10_0.18_0.255_1,2025-09-24T14:42:00,112561.43933502628,112554.97763774877,112545.32715815809,112534.35858394753,112577.8,112525.9,112501.9,112485.0,16.96064464604172,39.61892653105348
BITGET_kc_smart_DOGE_kc_smart_1_2_10_0.46_0.561_2,2025-09-24T14:43:00,0.23853593678059207,0.23856394827502986,0.23857959404320622,0.23858875876262325,0.2386,0.23869,0.23865,0.23863,31.721306417718907,0.00027094789686301626
GATE_kc_smart_XRP_kc_smart_2_1_10_0.385_0.478_1,2025-09-24T14:43:00,2.8525629010020745,2.8523151008198786,2.8520396279435367,2.851941513771984,2.8508,2.8512,2.8508,2.8515,13.215993267176218,0.002325404803691071
OKX_kc_smart_SOL_kc_smart_1_1_10_0.31_0.396_3,2025-09-24T14:43:00,209.4185572177899,209.46063772364627,209.49506722843785,209.5250550050855,209.53,209.65,209.65,209.66,26.264632870239623,0.2077350120066715
GATE_kc_smart_BTC_kc_smart_2_1_10_0.18_0.255_1,2025-09-24T14:43:00,112544.44994272251,112534.38631677296,112525.6069864506,112523.11480709593,112516.0,112489.1,112486.1,112511.9,15.05686799639584,37.010347711070445
BINANCE_kc_smart_XRP_kc_smart_2_1_10_0.385_0.478_1,2025-09-24T14:43:00,2.852761163608416,2.852568224770522,2.8523194566304273,2.8521704645158037,2.8511,2.8517,2.8512,2.8515,14.454274733150301,0.0023477952773358424
OKX_kc_smart_XRP_kc_smart_2_1_10_0.385_0.478_1,2025-09-24T14:44:00,2.852367377807509,2.852100581842507,2.8519913851438696,2.851883860572257,2.8514,2.8509,2.8515,2.8514,14.745433172809816,0.0021817750330706286
OKX_kc_smart_SOL_kc_smart_1_2_10_0.31_0.396_2,2025-09-24T14:49:00,209.76674380751177,209.82551766069145,209.91178717692935,209.96964405385128,210.0,210.09,210.3,210.23,40.061632459337936,0.21494570010655253
OKX_kc_smart_XRP_kc_smart_1_1_10_0.385_0.478_1,2025-09-24T14:49:00,2.853250878865425,2.8532416281626203,2.853615877587598,2.85392208166258,2.8548,2.8532,2.8553,2.8553,23.823738324743616,0.002304061506971314
BITGET_kc_smart_SOL_kc_smart_1_2_10_0.31_0.396_2,2025-09-24T14:49:00,209.79693836170296,209.85913138684785,209.94728931651187,210.00960034987332,210.041,210.139,210.344,210.29,38.19178649185323,0.2144015616822061
BITGET_kc_smart_XRP_kc_smart_1_1_0.375_0.385_0.478_1,2025-09-24T14:49:00,2.8534454201999915,2.8534735256181745,2.853823793687597,2.854146740289852,2.8552,2.8536,2.8554,2.8556,21.396946962674065,0.0024139537290829155
GATE_kc_smart_SOL_kc_smart_1_2_10_0.31_0.396_2,2025-09-24T14:49:00,209.79925482148968,209.85757212667335,209.9471044672782,210.02217638231852,210.04,210.12,210.35,210.36,39.33177284411704,0.221145752446493
GATE_kc_smart_ETH_kc_smart_1_1_10_0.23_0.334_3,2025-09-24T14:49:00,4172.849551120644,4173.43145091689,4173.971187113819,4174.367334911306,4174.5,4176.05,4176.4,4176.15,29.700835617844344,2.2379831826850642
OKX_kc_smart_ETH_kc_smart_1_1_10_0.23_0.334_3,2025-09-24T14:49:00,4172.872015570622,4173.517103648691,4174.0449029852925,4174.436738806148,4174.8,4176.42,4176.42,4176.2,28.152229722680442,2.302750102189518
GATE_kc_smart_XRP_kc_smart_1_1_0.375_0.385_0.478_1,2025-09-24T14:49:00,2.853277508294347,2.8532088704226473,2.8535527121639843,2.853815855406896,2.855,2.8529,2.8551,2.855,21.889304442833346,0.0023720640364197814
GATE_kc_smart_BTC_kc_smart_1_1_10_0.18_0.255_1,2025-09-24T14:49:00,112527.7464680078,112532.42892837,112540.29639593908,112546.73341485925,112525.9,112553.5,112575.7,112575.7,20.11564869228225,33.3992195444817
BINANCE_kc_smart_XRP_kc_smart_1_1_10_0.385_0.478_1,2025-09-24T14:49:00,2.853489089198294,2.8534728911622405,2.8538050927691057,2.8540768940838137,2.855,2.8534,2.8553,2.8553,23.619210735548663,0.0022968431126929346
BINANCE_kc_smart_BTC_kc_smart_1_1_10_0.18_0.255_1,2025-09-24T14:48:00,112537.60310666451,112537.29345090731,112540.45827801507,112549.01131837595,112574.7,112535.9,112554.7,112587.5,18.450580854613452,36.537516408771175
OKX_kc_smart_BTC_kc_smart_1_1_10_0.18_0.255_1,2025-09-24T14:49:00,112532.83363762425,112536.80933987438,112545.9167326245,112550.36823578368,112531.9,112554.7,112586.9,112570.4,22.43844273867997,35.25974899031391
BINANCE_kc_smart_SOL_kc_smart_1_2_10_0.31_0.396_2,2025-09-24T14:48:00,209.72928919738771,209.7803275251354,209.84208615692893,209.92897958294185,210.22,210.01,210.12,210.32,38.64497701130693,0.23211608614742682
BINANCE_kc_smart_ETH_kc_smart_1_1_10_0.23_0.334_3,2025-09-24T14:48:00,4173.001022800898,4173.386291382552,4174.023329312997,4174.577269437906,4175.0,4175.12,4176.89,4177.07,29.43042226574666,2.206103216216913
BITGET_kc_smart_BTC_kc_smart_1_1_10_0.18_0.255_1,2025-09-24T14:49:00,112529.00624241984,112532.9141983435,112540.8025259174,112545.62024847786,112530.2,112550.5,112576.3,112567.3,19.442297075376114,30.995116716339716
BITGET_kc_smart_ETH_kc_smart_1_1_10_0.23_0.334_3,2025-09-24T14:49:00,4173.253550821857,4173.929268854246,4174.491219971656,4175.127361794992,4174.88,4176.97,4177.02,4177.99,25.06571148844316,2.0204986704566616
OKX_kc_smart_XRP_kc_smart_1_1_0.375_0.385_0.478_1,2025-09-24T14:49:00,2.853250878865425,2.8532416281626203,2.853615877587598,2.8540675362080346,2.8548,2.8532,2.8553,2.8561,23.90476229557426,0.0023612043641141646
BINANCE_kc_smart_ETH_kc_smart_1_2_10_0.23_0.334_2,2025-09-24T14:49:00,4173.386291382552,4174.023329312997,4174.579087619724,4175.030162597956,4175.12,4176.89,4177.08,4177.06,31.54506829129058,2.08566727220145
OKX_kc_smart_XRP_kc_smart_2_1_0.375_0.385_0.478_1,2025-09-24T14:49:00,2.853250878865425,2.8532416281626203,2.853615877587598,2.85352208166258,2.8548,2.8532,2.8553,2.8531,23.90476229557426,0.0025183472212570042
BINANCE_kc_smart_XRP_kc_smart_1_1_0.375_0.385_0.478_1,2025-09-24T14:49:00,2.853489089198294,2.8534728911622405,2.8538050927691057,2.85404053044745,2.855,2.8534,2.8553,2.8551,23.826674727171334,0.0023968431126929236
BITGET_kc_smart_XRP_kc_smart_2_1_0.375_0.385_0.478_1,2025-09-24T14:49:00,2.8534454201999915,2.8534735256181745,2.853823793687597,2.8536921948353067,2.8552,2.8536,2.8554,2.8531,21.607836484791587,0.00263538230051151
BINANCE_kc_smart_DOGE_kc_smart_2_2_10_0.46_0.561_2,2025-09-24T14:55:00,0.23887017413322498,0.23891741519991133,0.2389378851635638,0.2389346333156431,0.2391,0.23913,0.23903,0.23892,34.20176503053621,0.00027091061380910106
BITGET_kc_smart_DOGE_kc_smart_2_2_10_0.46_0.561_2,2025-09-24T14:56:00,0.23895835015215794,0.2389822864881292,0.2389709616721057,0.23895624136808644,0.23916,0.23909,0.23892,0.23889,34.650996641110005,0.0002595820081992699
BITGET_kc_smart_ETH_kc_smart_1_2_10_0.23_0.334_2,2025-09-24T14:56:00,4177.354882789341,4177.706722282188,4177.912772776335,4178.081359544274,4179.98,4179.29,4178.84,4178.84,35.45721145573472,2.0426440661739176
BITGET_kc_smart_XRP_kc_smart_1_1_0.375_0.385_0.478_1,2025-09-24T14:56:00,2.854317195133584,2.854550432382023,2.854741262858019,2.854842851429288,2.8559,2.8556,2.8556,2.8553,21.07021083763838,0.002472603291748543
BINANCE_kc_smart_BTC_kc_smart_2_1_10_0.18_0.255_1,2025-09-24T14:55:00,112562.19066667397,112564.5196363696,112563.67970248422,112562.35612021436,112585.1,112575.0,112559.9,112556.4,21.44364882371615,31.79333002547457
GATE_kc_smart_BTC_kc_smart_2_1_10_0.18_0.255_1,2025-09-24T14:56:00,112556.45771143181,112556.9381275351,112552.69483161962,112548.64122587058,112564.8,112559.1,112533.6,112530.4,22.040820644199172,31.91998970212538
GATE_kc_smart_DOGE_kc_smart_2_2_10_0.46_0.561_2,2025-09-24T14:56:00,0.23890207747739772,0.23892533611787084,0.23891709318734888,0.2389067126078309,0.23912,0.23903,0.23888,0.23886,38.253686805650176,0.0002432886750452117
OKX_kc_smart_XRP_kc_smart_1_1_0.375_0.385_0.478_1,2025-09-24T14:56:00,2.8543072017911717,2.854578619647322,2.8547461433478087,2.8548832081936615,2.8561,2.8558,2.8555,2.8555,23.234713303015905,0.0023062741091022278
GATE_kc_smart_ETH_kc_smart_1_2_10_0.23_0.334_2,2025-09-24T14:56:00,4176.948532004668,4177.330617094728,4177.515959441141,4177.603966815479,4179.6,4179.05,4178.35,4178.0,40.310665407430605,2.3481139848838106
OKX_kc_smart_ETH_kc_smart_1_2_10_0.23_0.334_2,2025-09-24T14:56:00,4176.94505042737,4177.324132167848,4177.468835410057,4177.670865335501,4179.58,4179.03,4178.12,4178.58,38.454662854487104,2.3369099823341775
OKX_kc_smart_BTC_kc_smart_2_1_10_0.18_0.255_1,2025-09-24T14:56:00,112562.0772608971,112560.55412255216,112556.59882754268,112552.126313444,112573.1,112553.7,112538.8,112532.0,23.462878417811513,30.975325066839385
OKX_kc_smart_DOGE_kc_smart_2_2_10_0.46_0.561_2,2025-09-24T14:56:00,0.23889285734290527,0.23891597418964974,0.2389021607006225,0.23888358602778204,0.2391,0.23902,0.23884,0.2388,33.24560106382744,0.00025891645113475806
BITGET_kc_smart_BTC_kc_smart_2_1_10_0.18_0.255_1,2025-09-24T14:56:00,112557.54816395362,112557.10304323476,112553.99339901024,112549.86732646293,112571.0,112555.1,112540.0,112531.3,22.366245179475168,27.976182652076634
OKX_kc_smart_SOL_kc_smart_2_2_10_0.31_0.396_2,2025-09-24T14:59:00,210.719303499614,210.82670286332052,210.82912052453497,210.8165531564377,211.11,211.31,210.84,210.76,57.92384590813441,0.2590843774337601
GATE_kc_smart_XRP_kc_smart_2_1_0.375_0.385_0.478_1,2025-09-24T14:59:00,2.8546410746336943,2.8550517883366586,2.85486055409363,2.8547040897129703,2.8547,2.8569,2.854,2.854,18.03930736366428,0.002407113004557904
BITGET_kc_smart_XRP_kc_smart_2_1_0.375_0.385_0.478_1,2025-09-24T14:59:00,2.854733760520197,2.855182167698343,2.854985409935008,2.85471533540137,2.8547,2.8572,2.8541,2.8535,17.876679194537104,0.002506339339015077
GATE_kc_smart_SOL_kc_smart_2_2_10_0.31_0.396_2,2025-09-24T14:59:00,210.7656263195401,210.87551244326008,210.87087381721278,210.861624032265,211.17,211.37,210.85,210.82,58.08384468141006,0.2684598927147183
BITGET_kc_smart_SOL_kc_smart_2_2_10_0.31_0.396_2,2025-09-24T14:59:00,210.75556415170948,210.86400703321684,210.85855120899558,210.84463280736003,211.151,211.352,210.834,210.782,56.05570036974857,0.2570970024350948
OKX_kc_smart_XRP_kc_smart_2_1_0.375_0.385_0.478_1,2025-09-24T14:59:00,2.8547559354663887,2.855200310836136,2.8550002543204744,2.854763844444024,2.8548,2.8572,2.8541,2.8537,19.953103610124348,0.0023280190297732062
BINANCE_kc_smart_DOGE_kc_smart_2_1_10_0.46_0.561_3,2025-09-24T14:58:00,0.23892736058837039,0.2388951132086667,0.23889963807981818,0.2388597038834876,0.23888,0.23875,0.23892,0.23868,28.87273215783082,0.0002591250692300164
OKX_kc_smart_SOL_kc_smart_1_2_10_0.31_0.396_2,2025-09-24T14:59:00,210.719303499614,210.82670286332052,210.82912052453497,210.8147349746195,211.11,211.31,210.84,210.75,57.92384590813441,0.2590843774337601
BINANCE_kc_smart_XRP_kc_smart_2_1_0.375_0.385_0.478_1,2025-09-24T14:58:00,2.854830632468753,2.8548250629289793,2.8552568696691645,2.8550283479111345,2.8556,2.8548,2.8572,2.854,21.145126375705388,0.00250642888300278
OKX_kc_smart_DOGE_kc_smart_2_1_10_0.46_0.561_3,2025-09-24T14:59:00,0.23887085875505476,0.23887433898140842,0.23883536825751597,0.23880348311978578,0.23873,0.23889,0.23866,0.23866,26.472090039719305,0.0002543763589130311
OKX_kc_smart_DOGE_kc_smart_2_1_10_0.46_0.561_3,2025-09-24T14:59:00,0.23887085875505476,0.23887433898140842,0.23883536825751597,0.2388016649379676,0.23873,0.23889,0.23866,0.23865,26.472090039719305,0.0002543763589130311
BITGET_kc_smart_DOGE_kc_smart_2_1_10_0.46_0.561_3,2025-09-24T14:59:00,0.23893624136808644,0.23893874293752526,0.23889351694888428,0.23885651386726892,0.23878,0.23895,0.23869,0.23869,27.28229220612369,0.0002506305551903662
BITGET_kc_smart_DOGE_kc_smart_2_1_10_0.46_0.561_3,2025-09-24T14:59:00,0.23893624136808644,0.23893874293752526,0.23889351694888428,0.23885651386726892,0.23878,0.23895,0.23869,0.23869,27.28229220612369,0.0002506305551903662
OKX_kc_smart_SOL_kc_smart_2_2_10_0.31_0.396_2,2025-09-24T14:59:00,210.719303499614,210.82670286332052,210.82912052453497,210.8147349746195,211.11,211.31,210.84,210.75,57.92384590813441,0.2590843774337601
BITGET_kc_smart_DOGE_kc_smart_2_1_10_0.46_0.561_3,2025-09-24T14:59:00,0.23893624136808644,0.23893874293752526,0.23889351694888428,0.23885651386726892,0.23878,0.23895,0.23869,0.23869,27.28229220612369,0.0002506305551903662
OKX_kc_smart_SOL_kc_smart_1_2_10_0.31_0.396_2,2025-09-24T14:59:00,210.719303499614,210.82670286332052,210.82912052453497,210.80928042916497,211.11,211.31,210.84,210.72,57.92384590813441,0.2590843774337601
OKX_kc_smart_SOL_kc_smart_2_2_10_0.31_0.396_2,2025-09-24T14:59:00,210.719303499614,210.82670286332052,210.82912052453497,210.8165531564377,211.11,211.31,210.84,210.76,57.84852362873436,0.2597986631480452
BINANCE_kc_smart_SOL_kc_smart_2_2_10_0.31_0.396_2,2025-09-24T14:59:00,210.73885612360579,210.84451864658655,210.84187889266173,210.82153727581414,211.12,211.32,210.83,210.73,58.00230346868398,0.259294090428011
OKX_kc_smart_SOL_kc_smart_1_2_10_0.31_0.396_2,2025-09-24T14:59:00,210.719303499614,210.82670286332052,210.82912052453497,210.83473497461952,211.11,211.31,210.84,210.86,57.84852362873436,0.2633700917194725
