OKX_KC_XRP_KC_2_1_10_0.435,2025-09-19T17:19:00,3.038692718972618,3.0388112226228983,3.0387981376084396,3.038798356713329,3.0405,3.0397,3.0387,3.0388,24.175128916316492,0.0012141968267876343,0.03850518867632585,40.05
BINANCE_KC_DOGE_KC_2_1_10_0.51,2025-09-19T17:24:00,0.2756215642065255,0.27563079194693424,0.27562363995317724,0.2755914470175093,0.27567,0.2757,0.27557,0.27535,11.539888142341345,0.00023027240581732344,0.1953631951940835,921420.0
OKX_KC_DOGE_KC_2_1_10_0.51,2025-09-19T17:24:00,0.275669671790097,0.2756802986383209,0.2756755576220479,0.2756490214312187,0.27572,0.27576,0.27564,0.27545,12.17871435833407,0.0002372799530198025,0.2459578277170241,951.34
BITGET_KC_DOGE_KC_2_1_10_0.51,2025-09-19T17:24:00,0.27591179842351715,0.2759304103736916,0.2759256562120808,0.27590263783418895,0.27594,0.27607,0.27589,0.27573,12.236750395112617,0.00021151775777032865,0.4193635116495889,653898.1507
GATE_KC_DOGE_KC_2_1_10_0.51,2025-09-19T17:24:00,0.2756764338083623,0.2756921474779668,0.27568836542173536,0.275680322430943,0.27575,0.27581,0.27566,0.27562,10.17422723087765,0.00020828761935287206,0.006406260302465399,1425.0
GATE_KC_ETH_KC_2_1_10_0.304,2025-09-19T17:26:00,4538.71623669185,4538.8319735516325,4538.269388427911,4537.772989789332,4540.65,4539.7,4534.05,4534.05,23.36142675931335,1.8924890141644013,0.06984809908790493,10939.0
BITGET_KC_ETH_KC_2_1_10_0.304,2025-09-19T17:26:00,4538.056881883537,4538.200778132533,4537.654804234588,4537.143650795224,4539.71,4539.28,4533.56,4533.31,23.80919174499439,1.6801633406255416,0.5710937901161376,698.462506
OKX_KC_ETH_KC_2_1_10_0.304,2025-09-19T17:26:00,4538.591046371424,4538.712099739492,4538.163617417199,4537.685544779882,4540.21,4539.62,4534.05,4534.1,21.210124382776524,1.7590246816283763,0.029052177497829946,451.22
BINANCE_KC_ETH_KC_2_1_10_0.304,2025-09-19T17:26:00,4538.230713796151,4538.351806290721,4537.808064374165,4537.357703859557,4540.01,4539.26,4533.73,4533.98,22.52352772431046,1.8572927164552984,0.34919757094506043,819.864
BITGET_KC_BTC_KC_2_2_10_0.232,2025-09-19T17:27:00,116869.33140097014,116863.23358909131,116857.1708139041,116851.8095416801,116833.4,116817.5,116811.7,116811.6,30.27383490277555,11.683045156267204,0.09808913619147744,1.97142074
OKX_KC_BTC_KC_2_2_10_0.232,2025-09-19T17:28:00,116863.1776547769,116856.58028362667,116847.87672084705,116836.37357721798,116814.0,116807.1,116782.6,116750.1,30.61510043042304,17.656967278256154,0.3476392361333412,740.85
GATE_KC_BTC_KC_2_2_10_0.232,2025-09-19T17:28:00,116861.5055550462,116855.3990191584,116848.34031102211,116838.18262737244,116817.0,116809.6,116795.4,116762.0,30.54541702919239,18.035528454372038,0.3936077710750343,105917.0
BITGET_KC_SOL_KC_2_2_10_0.36,2025-09-19T17:29:00,243.69899326418644,243.60181758604685,243.5016037523943,243.42259154623025,242.995,242.873,242.75,242.83,32.2197742041893,0.17495443030832097,0.5688383659867026,3439.23259
BINANCE_KC_SOL_KC_2_2_0.2_0.36,2025-09-19T17:29:00,243.64517305556978,243.54691740197333,243.44845653115294,243.37216752748787,242.95,242.81,242.71,242.8,30.529364063717903,0.1931731753784638,0.7155750012493197,8713.29
BITGET_KC_SOL_KC_2_2_0.2_0.36,2025-09-19T17:29:00,243.69899326418644,243.60181758604685,243.5016037523943,243.42341507564203,242.995,242.873,242.75,242.837,32.2197742041893,0.1762401445940353,0.6568577518617467,3972.13259
GATE_KC_BTC_KC_2_2_0.3_0.35,2025-09-19T17:30:00,116848.34031102211,116834.46498031363,116826.71615910027,116819.89072861787,116795.4,116730.4,116768.6,116768.7,36.78219471606085,20.667696910729028,0.20522854485633552,55787.0
BITGET_KC_BTC_KC_2_2_0.3_0.35,2025-09-19T17:30:00,116849.08012991538,116834.91776169004,116827.2803779618,116821.870921731,116788.4,116728.7,116770.0,116781.3,39.73484784482874,18.368474149221697,0.07374271812607276,1.52557394
OKX_KC_BTC_KC_2_2_0.3_0.35,2025-09-19T17:30:00,116847.87672084705,116834.8912242768,116827.35108024423,116822.86271786256,116782.6,116737.5,116770.8,116789.2,35.412478519463654,20.525613914122776,0.36529967808074804,782.44
GATE_KC_ETH_KC_2_2_10_0.304,2025-09-19T17:30:00,4536.931530782975,4535.780762455566,4535.118319813734,4534.527929247412,4530.4,4527.15,4530.15,4530.1,32.041497190927096,2.2591901853946306,0.04907873545719847,7711.0
GATE_KC_XRP_KC_2_2_10_0.435,2025-09-19T17:30:00,3.0373219279311114,3.0366252305274513,3.036092850465398,3.035658397469469,3.0333,3.0314,3.0321,3.0324,30.286816694399594,0.0013886204038335139,0.02079629732826367,283.0
OKX_KC_SOL_KC_2_1_0.2_0.36,2025-09-19T17:30:00,243.5540863986343,243.45595858703027,243.38113992973257,243.3268881732934,242.84,242.72,242.82,242.92,29.754100644303765,0.18390931090100215,0.1945936405689877,1246.98
OKX_KC_XRP_KC_2_2_10_0.435,2025-09-19T17:30:00,3.0375075816609396,3.0368243367596524,3.0363391206702817,3.035958047650248,3.0334,3.0317,3.0327,3.0331,30.664728801102427,0.0012986766806453141,0.04704355185060767,48.97
BINANCE_KC_BTC_KC_2_2_0.3_0.35,2025-09-19T17:30:00,116846.30575671972,116832.6227265174,116824.70240575064,116817.71388742703,116800.0,116730.0,116765.3,116765.3,37.1247150319431,19.5173818339504,0.0008227938062933171,0.038
BINANCE_KC_ETH_KC_2_2_10_0.304,2025-09-19T17:30:00,4536.47562105255,4535.298489164015,4534.619843380014,4534.171626511777,4529.86,4526.47,4529.53,4530.81,30.558486819832424,2.2656538232684054,0.04634937148106349,108.615
OKX_KC_XRP_KC_2_1_10_0.435,2025-09-19T17:30:00,3.0375075816609396,3.0368243367596524,3.0363391206702817,3.0360404005914248,3.0334,3.0317,3.0327,3.0338,29.843754561585808,0.0013486766806452926,0.1741312610060308,181.31
OKX_KC_SOL_KC_2_1_10_0.36,2025-09-19T17:31:00,243.45595858703027,243.38113992973257,243.33041758505814,243.28448610446307,242.72,242.82,242.95,242.94,29.959319777490308,0.17949742134684676,0.05675421690527055,363.82
BITGET_KC_ETH_KC_2_2_10_0.304,2025-09-19T17:31:00,4535.205349947431,4534.556485247734,4534.228663453882,4533.961761871073,4526.54,4529.69,4531.77,4531.96,30.89867560742174,2.076006987845182,0.010319225585338073,12.519659
OKX_KC_SOL_KC_2_1_0.2_0.36,2025-09-19T17:31:00,243.45595858703027,243.38113992973257,243.33041758505814,243.289191986816,242.72,242.82,242.95,242.98,29.959319777490308,0.1844974213468483,0.6279472270458207,4030.22
BINANCE_KC_ETH_KC_2_1_10_0.304,2025-09-19T17:31:00,4535.298489164015,4534.619843380014,4534.297508864718,4534.078978410045,4526.47,4529.53,4531.88,4532.44,29.916187729433428,2.238974468545123,0.047032544511849704,109.952
BITGET_KC_XRP_KC_2_2_10_0.435,2025-09-19T17:32:00,3.0361928433122163,3.035887802922544,3.0353362966963617,3.0349673206144367,3.0326,3.0336,3.0312,3.0322,31.697805313494708,0.001450498361381183,0.06771593561866025,6983.3304
GATE_KC_SOL_KC_2_2_10_0.36,2025-09-19T17:32:00,243.42979703418976,243.38158561840274,243.33786966329654,243.29929676173225,242.88,243.02,243.01,243.01,30.660465385787006,0.17315471436420943,0.008538197734320303,64.0
BITGET_KC_SOL_KC_2_2_10_0.36,2025-09-19T17:32:00,243.42706213446556,243.37811364805785,243.3336296894628,243.30579090246718,242.868,243.011,243.0,243.097,34.134136014060104,0.17465963055558678,0.031832086575330154,192.8
OKX_KC_XRP_KC_2_2_10_0.435,2025-09-19T17:32:00,3.0363391206702817,3.0360286358855424,3.0354958551931253,3.035143401640993,3.0327,3.0337,3.0315,3.0325,32.75937886524266,0.0014205426481074227,0.15804761136107978,165.37
BITGET_KC_ETH_KC_2_1_10_0.304,2025-09-19T17:32:00,4534.556485247734,4534.228663453882,4533.991173635778,4534.065153208039,4529.69,4531.77,4532.21,4534.62,29.34162901399392,2.133026896876639,0.01044171467275515,12.63
BITGET_KC_SOL_KC_2_2_0.2_0.36,2025-09-19T17:32:00,243.42706213446556,243.37811364805785,243.3336296894628,243.31508502011422,242.868,243.011,243.0,243.176,33.14098809367058,0.18280248769844423,0.15562007805258185,942.8
BITGET_KC_SOL_KC_2_2_10_0.36,2025-09-19T17:33:00,243.37811364805785,243.3336296894628,243.3024967848201,243.28243833954716,243.011,243.0,243.069,243.132,32.81428537797588,0.17424516714855653,0.006247524594433095,37.84615
OKX_KC_ETH_KC_1_1_10_0.304,2025-09-19T17:33:00,4534.724414836272,4534.466248384946,4534.527866222012,4534.599881960598,4532.35,4532.53,4534.99,4535.14,27.728423734580243,2.131173253686236,0.043816929779704514,675.44
OKX_KC_BTC_KC_1_2_0.3_0.35,2025-09-19T17:33:00,116822.18036492137,116817.62973375415,116817.72035331247,116817.81207645219,116783.4,116783.5,116818.4,116818.5,35.39551289254071,18.77531842905646,0.0320491364094285,68.68
BITGET_KC_ETH_KC_1_1_10_0.304,2025-09-19T17:33:00,4534.228663453882,4533.991173635778,4534.05103556098,4534.105031377336,4531.77,4532.21,4534.5,4534.51,27.959932533478693,1.9979637511813841,0.009194384700452867,11.116899
GATE_KC_SOL_KC_2_1_10_0.36,2025-09-19T17:33:00,243.38158561840274,243.33786966329654,243.30870852643812,243.2853310527395,243.02,243.01,243.09,243.11,28.373599162910935,0.1774701939504413,0.011866422745754671,89.0
GATE_KC_ETH_KC_1_1_10_0.304,2025-09-19T17:33:00,4534.804399835648,4534.562705737337,4534.672975650591,4534.764390279934,4532.45,4532.75,4535.5,4535.45,27.516946196888522,2.2097217753636467,0.008439344854172002,1316.0
BITGET_KC_SOL_KC_2_2_0.2_0.36,2025-09-19T17:33:00,243.37811364805785,243.3336296894628,243.3024967848201,243.30208539837068,243.011,243.0,243.069,243.299,32.09182566338833,0.186245167148557,1.1572410826037247,7027.16636
OKX_KC_BTC_KC_1_2_10_0.232,2025-09-19T17:33:00,116822.18036492137,116817.62973375415,116817.72035331247,116819.38854704042,116783.4,116783.5,116818.4,116831.9,34.56148400132462,19.739604143342174,0.24409645172862882,523.32
BITGET_KC_BTC_KC_1_2_0.3_0.35,2025-09-19T17:33:00,116821.8591570251,116817.08749149274,116816.95955131712,116818.18783939745,116781.2,116781.3,116816.0,116827.4,39.647064700878246,17.84257933886355,0.03176965351253892,0.65636572
BINANCE_KC_XRP_KC_2_2_10_0.435,2025-09-19T17:33:00,3.0355002715495054,3.034935533720152,3.034484294458957,3.034074377463786,3.0332,3.0307,3.0311,3.031,34.36050122063917,0.0015071589086509162,0.017472826556148874,5848.3
BINANCE_KC_ETH_KC_1_1_10_0.304,2025-09-19T17:32:00,4534.619843380014,4534.297508864718,4534.030743115928,4534.088302749348,4529.53,4531.88,4532.03,4534.52,28.65322746499153,2.2761905779347718,0.3486463535479745,814.173
BINANCE_KC_BTC_KC_1_2_0.3_0.35,2025-09-19T17:33:00,116819.63153448584,116815.14547160515,116815.29306318102,116815.41152633619,116781.6,116781.5,116816.4,116816.3,38.571155048974376,18.88127942650581,0.005763469435262601,0.266
BITGET_KC_BTC_KC_2_2_0.3_0.35,2025-09-19T17:33:00,116821.8591570251,116817.08749149274,116816.95955131712,116818.17607469157,116781.2,116781.3,116816.0,116827.3,39.647064700878246,17.84257933886355,0.8436162005389558,17.45876572
GATE_KC_DOGE_KC_1_1_10_0.51,2025-09-19T17:34:00,0.2751890621071897,0.2751797606828144,0.27520214177895386,0.27522188980495926,0.27495,0.27511,0.27537,0.27537,21.08820167618811,0.00023066779323947364,0.0,0.0
BITGET_KC_BTC_KC_1_2_0.3_0.35,2025-09-19T17:34:00,116817.08749149274,116816.95955131712,116818.18783939745,116820.45985829186,116781.3,116816.0,116827.4,116837.5,37.640858652559174,17.303823671802075,0.039208077036222366,0.81039577
BINANCE_KC_DOGE_KC_1_1_10_0.51,2025-09-19T17:33:00,0.27515657350231004,0.27512521191380296,0.27512106933570846,0.2751350611785663,0.27488,0.27489,0.27509,0.27524,24.08676952495419,0.0002558891543008954,0.20195677072954826,948673.0
OKX_KC_DOGE_KC_1_1_10_0.51,2025-09-19T17:34:00,0.27517321431814007,0.2751704832218883,0.2751904263722544,0.2752080232696362,0.27496,0.27515,0.27534,0.27534,21.989528513112134,0.0002497695879251329,0.028410995827323385,108.39
GATE_KC_BTC_KC_1_2_10_0.232,2025-09-19T17:34:00,116817.33680206767,116816.81482535382,116818.43661060632,116819.85583288793,116783.8,116812.9,116830.6,116830.5,34.11526409528749,19.4993577462949,0.022552447755903437,6177.0
BITGET_KC_DOGE_KC_1_1_10_0.51,2025-09-19T17:34:00,0.2754290508123783,0.27541975071680436,0.27544448592659204,0.27545689934699297,0.2752,0.27535,0.27563,0.27555,19.413500981410014,0.0002271525994123774,0.004217278792179742,6574.3882
BINANCE_KC_SOL_KC_2_1_0.2_0.36,2025-09-19T17:34:00,243.28180761095894,243.2545361273167,243.25753187704413,243.25076342092126,242.96,243.05,243.28,243.2,29.150946529585912,0.19112436932118512,0.09067853996070557,1109.38
BITGET_KC_SOL_KC_2_2_10_0.36,2025-09-19T17:35:00,243.3024967848201,243.30208539837068,243.29231064562117,243.27627409907748,243.069,243.299,243.219,243.156,30.131403566121207,0.17364980520170664,0.1423414541491558,866.84408
OKX_KC_SOL_KC_2_1_10_0.36,2025-09-19T17:35:00,243.256622687329,243.25819648881972,243.250173372488,243.23603532866588,243.03,243.27,243.19,243.13,26.198257666400607,0.18074818512231478,0.05336234878750117,344.2
BINANCE_KC_XRP_KC_2_2_0.3_0.35,2025-09-19T17:35:00,3.034484294458957,3.034321436287315,3.033977737900572,3.033580356971093,3.0311,3.0331,3.0314,3.0306,35.47762497727147,0.0016447660269198559,0.09387781667705757,31424.4
BITGET_KC_SOL_KC_2_2_0.2_0.36,2025-09-19T17:35:00,243.3024967848201,243.30208539837068,243.29231064562117,243.27192115790103,243.069,243.299,243.219,243.119,30.335814043868783,0.17629266234456423,0.16422797232849876,1000.17623
OKX_KC_SOL_KC_2_1_0.2_0.36,2025-09-19T17:35:00,243.256622687329,243.25819648881972,243.250173372488,243.2301529757247,243.03,243.27,243.19,243.08,26.425425440237166,0.18360532797945708,0.06982600535917678,450.41
GATE_KC_DOGE_KC_2_1_10_0.51,2025-09-19T17:36:00,0.27520214177895386,0.2752065956873122,0.27519405501821664,0.27517593089842646,0.27537,0.27524,0.2751,0.27504,20.381117747734233,0.00022573250685298772,0.1047374511805862,22984.0
GATE_KC_XRP_KC_2_2_0.3_0.35,2025-09-19T17:36:00,3.0346645987812737,3.0342922930423,3.033893199743206,3.0335175291851817,3.0334,3.0315,3.0309,3.0307,35.05835513574994,0.001468927456194771,0.0030719213588132144,42.0
BITGET_KC_SOL_KC_2_1_10_0.36,2025-09-19T17:36:00,243.30208539837068,243.29231064562117,243.27192115790103,243.24993043344207,243.299,243.219,243.119,243.085,29.977025858781825,0.16620032931995227,0.18054101662826316,1099.7865
OKX_KC_SOL_KC_2_1_10_0.36,2025-09-19T17:36:00,243.25819648881972,243.250173372488,243.23132944631294,243.21117304086434,243.27,243.19,243.09,243.06,26.2812609306158,0.17533760047071986,0.016509277871027534,106.51
BITGET_KC_DOGE_KC_2_1_10_0.51,2025-09-19T17:36:00,0.27544448592659204,0.27544984052346355,0.2754369181089384,0.2754208100961221,0.27563,0.27549,0.27534,0.2753,18.38828543806773,0.00021624746727758393,0.00014584879985927424,226.9053
OKX_KC_BTC_KC_1_1_10_0.232,2025-09-19T17:36:00,116819.41207645218,116822.25771451663,116823.1097481029,116821.82624832609,116832.1,116843.6,116829.5,116812.2,29.375623606167746,18.716109023347105,0.18158009411981169,387.68
OKX_KC_XRP_KC_2_2_0.3_0.35,2025-09-19T17:36:00,3.034859402832018,3.0344994730870747,3.0340995350768303,3.033711354479556,3.0337,3.0318,3.0311,3.0308,35.34345145257038,0.00141671859198611,0.04078727997439216,42.71
BITGET_KC_BTC_KC_1_2_10_0.232,2025-09-19T17:36:00,116818.18783939745,116820.75397593892,116821.68880229905,116820.3136490874,116827.4,116840.0,116828.7,116810.0,34.57663139912185,17.15978382196833,0.07587730175576174,1.5676
OKX_KC_DOGE_KC_2_1_10_0.51,2025-09-19T17:36:00,0.2751904263722544,0.27519625856375385,0.2751814046150769,0.2751612393662443,0.27534,0.27524,0.27507,0.27501,21.228409297333535,0.0002409675091220352,0.1031422676794261,391.46
BINANCE_KC_BTC_KC_1_2_10_0.232,2025-09-19T17:35:00,116815.29306318102,116816.96446751265,116818.68629486409,116818.60555429185,116816.4,116829.5,116831.6,116818.0,33.91155719977028,19.013632333496286,0.18230488324006286,8.41
BINANCE_KC_DOGE_KC_2_1_10_0.51,2025-09-19T17:35:00,0.27512106933570846,0.27514329647268393,0.2751487910053093,0.2751359920635082,0.27509,0.27531,0.27519,0.27504,22.31999709574337,0.00024886433639792737,0.3500837508215677,1635324.0
BINANCE_KC_BTC_KC_2_2_10_0.232,2025-09-19T17:40:00,116815.97664261474,116814.50880230711,116809.17835497686,116804.47501909723,116803.5,116803.5,116769.2,116769.2,33.49898843349797,16.686741368925926,0.020562126347271375,0.948
OKX_KC_BTC_KC_2_2_10_0.232,2025-09-19T17:41:00,116820.11500098663,116814.7602949882,116806.16496616605,116798.56908779357,116811.7,116774.6,116741.7,116741.6,31.841443839622755,17.753970941431103,0.06275311739283106,132.2
BINANCE_KC_ETH_KC_2_1_10_0.304,2025-09-19T17:40:00,4535.002397993139,4534.829174699828,4534.541036499849,4534.230326323396,4533.53,4533.53,4532.38,4531.9,21.32771643829647,1.7929551304668985,0.09331594498457116,216.928
BITGET_KC_ETH_KC_2_1_10_0.304,2025-09-19T17:41:00,4534.764412802995,4534.47801129676,4534.132362908906,4533.82737903727,4533.21,4532.33,4531.54,4531.54,22.485657801447605,1.6079422252632622,0.00011613023937504183,0.14
BINANCE_KC_SOL_KC_2_1_10_0.36,2025-09-19T17:40:00,243.2079169463411,243.20580907030097,243.18983153261848,243.16867488172218,243.08,243.19,243.07,243.01,27.83925541280752,0.178405092989068,0.3723874794643558,4576.34
BITGET_KC_SOL_KC_2_2_10_0.36,2025-09-19T17:41:00,243.24762057966942,243.2309593350024,243.2104935308845,243.19514135078043,243.232,243.106,243.057,243.08,30.27006238219248,0.15646464539630187,0.33708366971567383,2054.9
BITGET_KC_BTC_KC_2_2_0.3_0.35,2025-09-19T17:41:00,116816.6291690941,116811.60220802421,116803.00194825666,116795.41348375587,116803.8,116773.9,116738.5,116738.5,37.5354035688059,16.847436203844836,0.003567347836094228,0.0734
GATE_KC_BTC_KC_2_2_10_0.232,2025-09-19T17:41:00,116817.62379012756,116811.4327559949,116802.4524317602,116794.54038096489,116803.3,116765.0,116735.1,116735.2,34.313409755495776,19.732200707520864,0.009497926991050563,2593.0
OKX_KC_ETH_KC_2_1_10_0.304,2025-09-19T17:41:00,4535.104610758651,4534.779362434104,4534.404143324209,4534.0730676390085,4533.63,4532.34,4531.59,4531.59,23.306850661314712,1.7155246525478625,0.06345525322098514,968.43
BITGET_KC_XRP_KC_2_2_0.3_0.35,2025-09-19T17:41:00,3.033146890034795,3.032764902971878,3.0321572673281274,3.0316681770542298,3.0312,3.0299,3.0276,3.028,41.922541150714494,0.0015405095600716464,0.05628103159989433,5835.0
GATE_KC_ETH_KC_2_1_10_0.304,2025-09-19T17:41:00,4535.325842481072,4535.005155130358,4534.645725115021,4534.334463336783,4534.15,4532.6,4531.95,4532.0,22.058644170768996,1.7809308925876768,0.003939364842218423,613.0
BINANCE_KC_BTC_KC_2_2_0.3_0.35,2025-09-19T17:41:00,116814.50880230711,116809.17835497686,116800.66325439134,116793.1499303453,116803.5,116769.2,116736.8,116736.8,35.85603503003299,17.650953720124082,0.15623605837149698,7.139
BITGET_KC_SOL_KC_2_1_10_0.36,2025-09-19T17:42:00,243.2309593350024,243.2104935308845,243.2045531154863,243.18648804307614,243.106,243.057,243.16,243.051,29.14541728432492,0.15945186460268704,0.01873797632306502,113.9
GATE_KC_BTC_KC_2_2_0.3_0.35,2025-09-19T17:42:00,116811.4327559949,116802.4524317602,116796.01096920017,116790.33909047075,116765.0,116735.1,116747.7,116747.8,35.700504858376306,19.16612514677937,0.05654839751251789,15388.0
BITGET_KC_SOL_KC_2_2_10_0.36,2025-09-19T17:43:00,243.2104935308845,243.2045531154863,243.1733115724879,243.13445138748932,243.057,243.16,242.939,242.843,31.141035888469677,0.16228183345759864,0.08951658413174256,544.25346
OKX_KC_BTC_KC_2_2_0.3_0.35,2025-09-19T17:43:00,116806.16496616605,116798.98085249946,116788.65369338187,116779.54149416048,116741.7,116745.1,116711.2,116711.2,36.14931456121758,18.782396227195587,0.017031294964897706,35.84
OKX_KC_SOL_KC_2_1_0.2_0.36,2025-09-19T17:43:00,243.17052741106596,243.1657594803523,243.13684660031083,243.09015876498015,243.02,243.13,242.92,242.74,27.179363438052125,0.18377125915904988,0.7330339931033077,4743.49
OKX_KC_SOL_KC_2_1_10_0.36,2025-09-19T17:44:00,243.1657594803523,243.13684660031083,243.0854528826272,243.03069371996517,243.13,242.92,242.7,242.62,28.670974799798913,0.17707331207626084,0.052759422321976,342.15
BITGET_KC_DOGE_KC_2_2_10_0.51,2025-09-19T17:44:00,0.275225957545875,0.2751593743051838,0.2750700361516327,0.27495944366320535,0.27493,0.27466,0.2744,0.27413,30.99718012349892,0.00023415942749770532,0.18706393070547064,288089.3016
OKX_KC_DOGE_KC_2_2_10_0.51,2025-09-19T17:44:00,0.27497001921459485,0.27489942871876016,0.2748065547518472,0.2746951953692769,0.27467,0.27437,0.27411,0.27386,33.27075989506198,0.0002512108032755232,0.5043061188708862,1899.85
GATE_KC_DOGE_KC_2_2_10_0.51,2025-09-19T17:44:00,0.27498358466181383,0.2749137511721887,0.27482036868134296,0.2747332664835379,0.2747,0.27439,0.27412,0.27408,32.23976669884512,0.00022653118890960685,0.03162067145661538,6879.0
GATE_KC_DOGE_KC_2_2_0.3_0.35,2025-09-19T17:45:00,0.2749137511721887,0.27482036868134296,0.274708560601185,0.2746216711186926,0.27439,0.27412,0.27387,0.27397,35.46873830978628,0.00024091161419157028,0.024892037103677104,5412.0
OKX_KC_DOGE_KC_2_2_0.3_0.35,2025-09-19T17:45:00,0.27489942871876016,0.2748065547518472,0.2746975483104534,0.27460018968569416,0.27437,0.27411,0.27388,0.27387,36.11762835683897,0.00025484880712319224,0.3623700306855159,1366.74
OKX_KC_ETH_KC_2_2_10_0.304,2025-09-19T17:45:00,4533.751599473866,4533.012587771058,4532.1322833274035,4531.444955877121,4530.67,4527.47,4525.53,4526.29,30.715436506216836,1.838846061945692,0.3526395095073009,5390.54
GATE_KC_SOL_KC_2_1_0.2_0.36,2025-09-19T17:45:00,243.18494569711763,243.1373050268685,243.07879855311924,243.03541048804638,242.96,242.78,242.64,242.71,23.38729452032091,0.1907533796823247,0.14836918802557417,1121.0
OKX_KC_SOL_KC_2_2_0.2_0.36,2025-09-19T17:45:00,243.13684660031083,243.0854528826272,243.0283407787887,242.98265362834294,242.92,242.7,242.6,242.64,31.802919926069226,0.18952725917285276,0.1744743202206951,1143.3
BINANCE_KC_DOGE_KC_2_2_0.3_0.35,2025-09-19T17:45:00,0.2748483773732366,0.2747568035646205,0.2746501207923122,0.2745595183461578,0.27434,0.27407,0.27385,0.27388,35.930675933940684,0.00025528836270152935,0.3900017724954762,1801535.0
BINANCE_KC_SOL_KC_2_2_0.2_0.36,2025-09-19T17:45:00,243.13604344038004,243.08474421210002,243.02889195185296,242.9854928986938,242.9,242.7,242.61,242.66,33.68052899160231,0.18842543560142816,0.079048973037926,971.01
BITGET_KC_DOGE_KC_2_2_0.3_0.35,2025-09-19T17:46:00,0.2750700361516327,0.2749606201337936,0.27489231188275903,0.2748096869553756,0.2744,0.27414,0.27438,0.27419,36.063960426433276,0.00025149096408876254,0.01663041614913438,25849.5537
BITGET_KC_ETH_KC_2_2_10_0.304,2025-09-19T17:46:00,4532.75735901029,4531.874140303197,4531.365417914586,4530.862427571694,4527.31,4525.25,4527.55,4527.09,30.721246551981015,1.7715960421765347,0.014654215656317162,17.64
BITGET_KC_SOL_KC_2_2_0.3_0.35,2025-09-19T17:46:00,243.12115726984226,243.0623152380961,243.0334546218495,243.00304819574956,242.73,242.621,242.817,242.775,36.21467477804261,0.17203575680676828,0.023063009678828704,142.39952
