timestamp,open,high,low,close,volume,Denominated_Coin_Volume
2025-08-15 17:00:00+08:00,3.1142,3.1229,3.1136,3.1176,1118911.2,3489724.42824
2025-08-15 17:15:00+08:00,3.1176,3.1179,3.0976,3.0997,3086166,9583006.64976
2025-08-15 17:30:00+08:00,3.0997,3.1084,3.0991,3.1056,1830697.2,5682413.95308
2025-08-15 17:45:00+08:00,3.1056,3.11,3.0954,3.1025,1713721.2,5317254.70524
2025-08-15 18:00:00+08:00,3.1025,3.116,3.1019,3.1069,1467416.4,4562413.80348
2025-08-15 18:15:00+08:00,3.1069,3.1209,3.1055,3.113,1101508.8,3430372.7214
2025-08-15 18:30:00+08:00,3.113,3.1155,3.1071,3.1121,880869.6,2740406.076
2025-08-15 18:45:00+08:00,3.1121,3.114,3.1,3.1055,1039914,3228661.3122
2025-08-15 19:00:00+08:00,3.1055,3.1151,3.1051,3.1073,829110,2578042.42548
2025-08-15 19:15:00+08:00,3.1073,3.1086,3.0957,3.1005,1205449.2,3739317.384
2025-08-15 19:30:00+08:00,3.1005,3.1098,3.0977,3.1079,969488.4,3009643.81896
2025-08-15 19:45:00+08:00,3.1079,3.1174,3.1079,3.11,1029079.2,3203952.61416
2025-08-15 20:00:00+08:00,3.11,3.1199,3.1066,3.1175,1360624.8,4238476.06128
2025-08-15 20:15:00+08:00,3.1175,3.1187,3.0959,3.1082,2902502.4,9008906.92884
2025-08-15 20:30:00+08:00,3.1082,3.1394,3.0968,3.1197,13696080,42716641.03884
2025-08-15 20:45:00+08:00,3.1197,3.1273,3.1095,3.1122,2320095.6,7233346.42692
2025-08-15 21:00:00+08:00,3.1122,3.1217,3.1039,3.107,1650678,5136382.07508
2025-08-15 21:15:00+08:00,3.107,3.1141,3.1025,3.1088,1737967.2,5400975.43608
2025-08-15 21:30:00+08:00,3.1088,3.1123,3.081,3.0823,7695956.4,23809235.3916
2025-08-15 21:45:00+08:00,3.0823,3.0899,3.0704,3.0831,6478567.2,19947180.681
2025-08-15 22:00:00+08:00,3.0831,3.0995,3.0699,3.0902,4978668,15358963.39212
2025-08-15 22:15:00+08:00,3.0902,3.0987,3.0704,3.0737,2552798.4,7865573.0478
2025-08-15 22:30:00+08:00,3.0737,3.0809,3.0667,3.0695,2226940.8,6843183.28236
2025-08-15 22:45:00+08:00,3.0695,3.0745,3.0535,3.0617,6403195.2,19606268.25492
2025-08-15 23:00:00+08:00,3.0617,3.0643,3.0436,3.0536,3488863.2,10646582.36298
2025-08-15 23:15:00+08:00,3.0536,3.0623,3.0214,3.0244,10407273,31630125.53865
2025-08-15 23:30:00+08:00,3.0244,3.0434,3.0132,3.0143,9004467,27236365.7286
2025-08-15 23:45:00+08:00,3.0143,3.035,3.0093,3.0257,6845182.5,20680885.13385
2025-08-16 00:00:00+08:00,3.0257,3.0294,3.0032,3.0091,6390354,19253047.8816
2025-08-16 00:15:00+08:00,3.0091,3.0267,3.0008,3.0191,4259961,12832064.15055
2025-08-16 00:30:00+08:00,3.0191,3.0342,3.0182,3.0243,3630039,10992220.12035
2025-08-16 00:45:00+08:00,3.0243,3.041,3.0242,3.0361,2032327.5,6169329.50955
2025-08-16 01:00:00+08:00,3.0361,3.0386,3.0224,3.0287,3104775,9413994.12795
2025-08-16 01:15:00+08:00,3.0287,3.066,3.0202,3.0546,10186872,31052827.5405
2025-08-16 01:30:00+08:00,3.0546,3.0619,3.0424,3.0606,3072076.5,9378503.63205
2025-08-16 01:45:00+08:00,3.0606,3.0608,3.0465,3.0551,1186891.5,3625176.10515
2025-08-16 02:00:00+08:00,3.0551,3.06,3.0464,3.0534,1145754,3497766.51615
2025-08-16 02:15:00+08:00,3.0534,3.065,3.0519,3.065,2202684,6741694.89705
2025-08-16 02:30:00+08:00,3.065,3.0708,3.0594,3.0604,2365693.5,7249208.49735
2025-08-16 02:45:00+08:00,3.0604,3.0808,3.053,3.0625,16071283.5,49331736.11115
2025-08-16 03:00:00+08:00,3.0625,3.0829,3.0537,3.0814,4216644,12937125.69675
2025-08-16 03:15:00+08:00,3.0814,3.093,3.0677,3.07,5278080,16273321.99695
2025-08-16 03:30:00+08:00,3.07,3.0732,3.0621,3.0689,1577755.5,4840857.56685
2025-08-16 03:45:00+08:00,3.0689,3.0706,3.0571,3.0641,1402953,4295639.47755
2025-08-16 04:00:00+08:00,3.0641,3.0655,3.0544,3.0602,2199745.5,6726648.22095
2025-08-16 04:15:00+08:00,3.0602,3.0766,3.0527,3.0759,3378661.5,10356806.3415
2025-08-16 04:30:00+08:00,3.0759,3.0891,3.0684,3.0722,5018836.5,15440000.51985
2025-08-16 04:45:00+08:00,3.0722,3.0767,3.0675,3.0737,1395127.5,4286596.24185
2025-08-16 05:00:00+08:00,3.0737,3.0864,3.0737,3.0847,2335333.5,7191482.9328
2025-08-16 05:15:00+08:00,3.0847,3.0918,3.076,3.0843,2924125.5,9025719.98565
2025-08-16 05:30:00+08:00,3.0843,3.0854,3.076,3.079,877578,2703584.94525
2025-08-16 05:45:00+08:00,3.079,3.0811,3.0756,3.0775,420663,1295157.1869
2025-08-16 06:00:00+08:00,3.0775,3.0828,3.0739,3.0755,655737,2018391.34095
2025-08-16 06:15:00+08:00,3.0755,3.0807,3.0734,3.0781,343137,1056101.4645
2025-08-16 06:30:00+08:00,3.0781,3.0857,3.0779,3.0811,733054.5,2260172.89365
2025-08-16 06:45:00+08:00,3.0811,3.0958,3.0811,3.0941,2666196,8238326.1888
2025-08-16 07:00:00+08:00,3.0941,3.097,3.0766,3.077,3432880.5,10594253.1387
2025-08-16 07:15:00+08:00,3.077,3.0783,3.0691,3.0744,1380615,4242006.68775
2025-08-16 07:30:00+08:00,3.0744,3.077,3.0695,3.0704,609634.5,1872917.658
2025-08-16 07:45:00+08:00,3.0704,3.0773,3.0695,3.0763,676195.5,2078079.88515
2025-08-16 08:00:00+08:00,3.0763,3.0799,3.0736,3.0783,1583034,4871668.4118
2025-08-16 08:15:00+08:00,3.0783,3.0801,3.0698,3.0772,1039189.5,3195884.3871
2025-08-16 08:30:00+08:00,3.0772,3.088,3.0769,3.084,918165,2833144.18155
2025-08-16 08:45:00+08:00,3.084,3.0919,3.084,3.0906,1449075,4475913.8571
2025-08-16 09:00:00+08:00,3.0906,3.0932,3.0862,3.0918,852247.5,2633008.18065
2025-08-16 09:15:00+08:00,3.0918,3.0925,3.0841,3.0883,1128951,3485303.6001
2025-08-16 09:30:00+08:00,3.0883,3.094,3.0869,3.0892,361162.5,1116206.86005
2025-08-16 09:45:00+08:00,3.0892,3.0931,3.0861,3.0889,950413.5,2936535.3189
2025-08-16 10:00:00+08:00,3.0889,3.0912,3.0838,3.0891,516423,1594383.66945
2025-08-16 10:15:00+08:00,3.0891,3.0908,3.0861,3.0899,379140,1171134.4974
2025-08-16 10:30:00+08:00,3.0899,3.0915,3.0859,3.0865,569374.5,1758455.5941
2025-08-16 10:45:00+08:00,3.0865,3.0912,3.0851,3.0906,1231282.5,3803324.45925
2025-08-16 11:00:00+08:00,3.0906,3.1051,3.0891,3.1018,2323803,7201910.30805
2025-08-16 11:15:00+08:00,3.1018,3.11,3.1013,3.1072,1048063.5,3255920.2611
2025-08-16 11:30:00+08:00,3.1072,3.1132,3.1041,3.1072,1535232,4773317.9148
2025-08-16 11:45:00+08:00,3.1072,3.1133,3.1062,3.1072,714511.5,2221292.871
2025-08-16 12:00:00+08:00,3.1072,3.1137,3.1071,3.1129,1234732.5,3841394.6307
2025-08-16 12:15:00+08:00,3.1129,3.1161,3.1112,3.1138,991665,3088411.1208
2025-08-16 12:30:00+08:00,3.1138,3.1145,3.1032,3.1042,1262253,3922058.703
2025-08-16 12:45:00+08:00,3.1042,3.1092,3.1042,3.1061,570649.5,1772687.436
2025-08-16 13:00:00+08:00,3.1061,3.1064,3.1002,3.1022,1133145,3515786.78385
2025-08-16 13:15:00+08:00,3.1022,3.1022,3.0961,3.0961,929640,2880043.02015
2025-08-16 13:30:00+08:00,3.0961,3.0986,3.0882,3.0935,1176033,3636988.75515
2025-08-16 13:45:00+08:00,3.0935,3.0966,3.0922,3.093,633657,1960803.68595
2025-08-16 14:00:00+08:00,3.093,3.0965,3.0901,3.0933,891124.5,2756178.6108
2025-08-16 14:15:00+08:00,3.0933,3.0979,3.0925,3.0925,574203,1777760.35605
2025-08-16 14:30:00+08:00,3.0925,3.1005,3.0866,3.0983,1195426.5,3697748.5284
2025-08-16 14:45:00+08:00,3.0983,3.1095,3.0974,3.1039,1470357,4564497.5187
2025-08-16 15:00:00+08:00,3.1039,3.1128,3.1039,3.1097,1347682.5,4190435.6757
2025-08-16 15:15:00+08:00,3.1097,3.1133,3.1095,3.1129,893315.6,2779417.34537
2025-08-16 15:30:00+08:00,3.1129,3.1182,3.1107,3.1165,1770441.2,5515255.20492
2025-08-16 15:45:00+08:00,3.1165,3.1247,3.1165,3.1219,1960256.4,6119095.21359
2025-08-16 16:00:00+08:00,3.1219,3.1285,3.1145,3.1186,2115430.7,6603215.58982
2025-08-16 16:15:00+08:00,3.1186,3.1272,3.1147,3.1255,1618180.7,5050642.86249
2025-08-16 16:30:00+08:00,3.1255,3.1405,3.1255,3.1395,3953071.2,12391409.07098
2025-08-16 16:45:00+08:00,3.1395,3.1451,3.1328,3.1393,2747031.7,8619628.0344
2025-08-16 17:00:00+08:00,3.1393,3.1452,3.1375,3.1409,1975162,6207173.93841
2025-08-16 17:15:00+08:00,3.1409,3.1472,3.1369,3.1422,1343486.2,4221602.61877
2025-08-16 17:30:00+08:00,3.1422,3.1544,3.1412,3.151,2499778.6,7875739.89104
2025-08-16 17:45:00+08:00,3.151,3.1511,3.1231,3.1231,6932078.1,21736947.47606
2025-08-16 18:00:00+08:00,3.1231,3.1459,3.1211,3.1369,7613518,23859602.22712
2025-08-16 18:15:00+08:00,3.1369,3.1423,3.126,3.1359,3175530.3,9954657.08528
2025-08-16 18:30:00+08:00,3.1359,3.1368,3.1245,3.1297,2650145.3,8295079.57665
2025-08-16 18:45:00+08:00,3.1297,3.1319,3.1194,3.1248,1991349.4,6222941.71109
2025-08-16 19:00:00+08:00,3.1248,3.133,3.1236,3.1269,1538632.6,4814650.70393
2025-08-16 19:15:00+08:00,3.1269,3.1295,3.115,3.1157,2377694.8,7416716.14442
2025-08-16 19:30:00+08:00,3.1157,3.1216,3.1087,3.1103,2390965,7448169.90159
2025-08-16 19:45:00+08:00,3.1103,3.1155,3.1011,3.1029,2809156.5,8724854.12627
2025-08-16 20:00:00+08:00,3.1029,3.115,3.1026,3.1118,1995267.9,6204610.17096
2025-08-16 20:15:00+08:00,3.1118,3.1154,3.0964,3.1048,3600651,11175902.26248
2025-08-16 20:30:00+08:00,3.1048,3.1173,3.1048,3.1133,2396235,7458030.271
2025-08-16 20:45:00+08:00,3.1133,3.118,3.1075,3.1104,1661716,5173612.61868
2025-08-16 21:00:00+08:00,3.1104,3.118,3.1087,3.1171,1185087,3690572.42367
2025-08-16 21:15:00+08:00,3.1171,3.1257,3.1138,3.1155,2982923.7,9304985.38822
2025-08-16 21:30:00+08:00,3.1155,3.1192,3.1103,3.1127,1003578,3125754.69066
2025-08-16 21:45:00+08:00,3.1127,3.1134,3.0988,3.1058,6520572.7,20249343.03078
2025-08-16 22:00:00+08:00,3.1058,3.1086,3.098,3.1069,1768307.7,5485921.88053
2025-08-16 22:15:00+08:00,3.1069,3.1186,3.1006,3.1148,2378828.7,7398464.94782
2025-08-16 22:30:00+08:00,3.1148,3.1154,3.1065,3.1091,1237698.6,3849944.65658
2025-08-16 22:45:00+08:00,3.1091,3.1157,3.108,3.108,816006.8,2539329.9483
2025-08-16 23:00:00+08:00,3.108,3.1146,3.1009,3.1088,1221273.2,3794154.59752
2025-08-16 23:15:00+08:00,3.1088,3.1104,3.1034,3.1057,709909.8,2204856.9254
2025-08-16 23:30:00+08:00,3.1057,3.1069,3.098,3.1013,1286328.8,3990168.78683
2025-08-16 23:45:00+08:00,3.1013,3.104,3.0994,3.102,296401.8,919474.55025
2025-08-17 00:00:00+08:00,3.102,3.1111,3.1011,3.1071,635733.7,1975283.7557
2025-08-17 00:15:00+08:00,3.1071,3.1111,3.1051,3.1081,321339.1,998722.51066
2025-08-17 00:30:00+08:00,3.1081,3.1095,3.0938,3.0996,2571790.6,7967019.38453
2025-08-17 00:45:00+08:00,3.0996,3.1089,3.0971,3.1062,1372192.4,4256089.55912
2025-08-17 01:00:00+08:00,3.1062,3.1089,3.099,3.0994,474697.8,1473521.14021
2025-08-17 01:15:00+08:00,3.0994,3.1004,3.0949,3.0984,1031218.3,3194016.21492
2025-08-17 01:30:00+08:00,3.0984,3.0991,3.0923,3.0947,728349.7,2253980.81033
2025-08-17 01:45:00+08:00,3.0947,3.0987,3.0925,3.0943,485344.9,1502419.27157
2025-08-17 02:00:00+08:00,3.0943,3.103,3.0908,3.103,793289.7,2455505.64892
2025-08-17 02:15:00+08:00,3.103,3.1067,3.094,3.0983,747024.2,2316216.21862
2025-08-17 02:30:00+08:00,3.0983,3.1027,3.0966,3.0977,295679.3,916791.95416
2025-08-17 02:45:00+08:00,3.0977,3.1,3.0961,3.0973,211272.6,654436.69387
2025-08-17 03:00:00+08:00,3.0973,3.1006,3.0966,3.0975,179520,556250.74672
2025-08-17 03:15:00+08:00,3.0975,3.1016,3.0941,3.1011,1648371,5107019.25308
2025-08-17 03:30:00+08:00,3.1011,3.1064,3.1011,3.1034,550099.6,1707546.28147
2025-08-17 03:45:00+08:00,3.1034,3.1065,3.0984,3.0984,867895.9,2693196.98349
2025-08-17 04:00:00+08:00,3.0984,3.1005,3.0936,3.0987,619995.1,1919933.93289
2025-08-17 04:15:00+08:00,3.0987,3.106,3.0987,3.1012,347653.4,1078756.80335
2025-08-17 04:30:00+08:00,3.1012,3.1044,3.1001,3.1012,259394.5,804714.93131
2025-08-17 04:45:00+08:00,3.1012,3.1027,3.0986,3.1025,327535.6,1015632.35065
2025-08-17 05:00:00+08:00,3.1025,3.1032,3.0943,3.0946,360337.1,1116156.7005
2025-08-17 05:15:00+08:00,3.0946,3.099,3.0944,3.0987,414120,1282543.64545
2025-08-17 05:30:00+08:00,3.0987,3.0994,3.0933,3.0938,330357.6,1022369.61419
2025-08-17 05:45:00+08:00,3.0938,3.0956,3.0922,3.0928,283694.3,877804.98852
2025-08-17 06:00:00+08:00,3.0928,3.0979,3.089,3.0948,2206781.9,6824682.50264
2025-08-17 06:15:00+08:00,3.0948,3.0981,3.0943,3.0979,300092.5,929381.72848
2025-08-17 06:30:00+08:00,3.0979,3.1043,3.0976,3.1024,516584.1,1602288.55617
2025-08-17 06:45:00+08:00,3.1024,3.1076,3.1016,3.1045,523807.4,1626634.69511
2025-08-17 07:00:00+08:00,3.1045,3.1057,3.1006,3.1034,344998,1070596.15922
2025-08-17 07:15:00+08:00,3.1034,3.1058,3.0995,3.1,702693.3,2179810.61902
2025-08-17 07:30:00+08:00,3.1,3.1008,3.098,3.0991,420238.3,1302450.72501
2025-08-17 07:45:00+08:00,3.0991,3.1054,3.0986,3.1038,311965.3,968131.74047
2025-08-17 08:00:00+08:00,3.1038,3.1038,3.0985,3.0985,438486.1,1359543.07587
2025-08-17 08:15:00+08:00,3.0985,3.1008,3.0952,3.0966,839752.4,2600734.75104
2025-08-17 08:30:00+08:00,3.0966,3.1009,3.0942,3.0966,490898.8,1519809.32484
2025-08-17 08:45:00+08:00,3.0966,3.0966,3.0911,3.0911,839947.9,2598052.79755
2025-08-17 09:00:00+08:00,3.0911,3.0912,3.0811,3.0871,2875371.5,8873597.87537
2025-08-17 09:15:00+08:00,3.0871,3.0876,3.0816,3.0839,1050647.6,3240884.11859
2025-08-17 09:30:00+08:00,3.0839,3.1022,3.0819,3.0967,2481779,7683150.83674
2025-08-17 09:45:00+08:00,3.0967,3.1048,3.0948,3.1035,1010709.5,3133966.75877
2025-08-17 10:00:00+08:00,3.1035,3.1084,3.0935,3.0956,1268288.4,3938281.00297
2025-08-17 10:15:00+08:00,3.0956,3.1067,3.0918,3.1062,971538.1,3011462.65876
2025-08-17 10:30:00+08:00,3.1062,3.1165,3.1023,3.1156,1854132.2,5765308.46502
2025-08-17 10:45:00+08:00,3.1156,3.1198,3.111,3.1187,2506814.9,7812139.53422
2025-08-17 11:00:00+08:00,3.1187,3.1198,3.1146,3.1151,1502733.7,4684773.23421
2025-08-17 11:15:00+08:00,3.1151,3.1175,3.1119,3.115,730413.5,2274910.67466
2025-08-17 11:30:00+08:00,3.115,3.1228,3.1127,3.1224,1045488.1,3261222.02405
2025-08-17 11:45:00+08:00,3.1224,3.1226,3.1181,3.1189,766892.1,2393018.65593
2025-08-17 12:00:00+08:00,3.1189,3.1264,3.1179,3.1233,1103505.7,3446887.79758
2025-08-17 12:15:00+08:00,3.1233,3.127,3.1211,3.1248,1073550,3354112.27944
2025-08-17 12:30:00+08:00,3.1248,3.1265,3.1199,3.1221,982547.3,3068661.90035
2025-08-17 12:45:00+08:00,3.1221,3.134,3.1203,3.1328,2234102.6,6992896.27728
2025-08-17 13:00:00+08:00,3.1328,3.1364,3.1306,3.1363,1195081.3,3745162.12395
2025-08-17 13:15:00+08:00,3.1363,3.1378,3.131,3.1339,1000438.1,3135685.03105
2025-08-17 13:30:00+08:00,3.1339,3.134,3.1249,3.1253,972461.2,3042071.5195
2025-08-17 13:45:00+08:00,3.1253,3.1286,3.12,3.1204,1058528.8,3305897.03754
2025-08-17 14:00:00+08:00,3.1204,3.1266,3.1204,3.1266,592739,1851719.04048
2025-08-17 14:15:00+08:00,3.1266,3.127,3.1215,3.1252,534046.5,1668560.59355
2025-08-17 14:30:00+08:00,3.1252,3.1252,3.1158,3.1203,1764783.6,5504064.89474
2025-08-17 14:45:00+08:00,3.1203,3.1206,3.1126,3.1136,1284409.5,4001083.28595
2025-08-17 15:00:00+08:00,3.1136,3.1199,3.1101,3.1197,937400.4,2918992.20494
2025-08-17 15:15:00+08:00,3.1197,3.1203,3.1131,3.1142,501829.8,1564539.01475
2025-08-17 15:30:00+08:00,3.1142,3.1174,3.1107,3.1168,823107.7,2563192.66606
2025-08-17 15:45:00+08:00,3.1168,3.1196,3.1152,3.1162,696207.8,2170011.76955
2025-08-17 16:00:00+08:00,3.1162,3.1178,3.1103,3.1117,651230.9,2027295.288
2025-08-17 16:15:00+08:00,3.1117,3.1144,3.1103,3.1143,567477,1766484.47839
2025-08-17 16:30:00+08:00,3.1143,3.1245,3.1143,3.1225,1438793.3,4490003.6659
2025-08-17 16:45:00+08:00,3.1225,3.1403,3.1225,3.136,4816802.1,15094499.22555
2025-08-17 17:00:00+08:00,3.136,3.138,3.1293,3.1294,5745415.2,18002865.45384
2025-08-17 17:15:00+08:00,3.1294,3.1294,3.1212,3.123,1379408.9,4312384.00444
2025-08-17 17:30:00+08:00,3.123,3.1256,3.1176,3.1188,1507583.8,4706602.7909
2025-08-17 17:45:00+08:00,3.1188,3.1309,3.1182,3.1309,1340672.7,4188548.32894
2025-08-17 18:00:00+08:00,3.1309,3.1363,3.1239,3.1289,1970056.9,6166587.8166
2025-08-17 18:15:00+08:00,3.1289,3.1325,3.1233,3.1235,938767.2,2935950.58163
2025-08-17 18:30:00+08:00,3.1235,3.1265,3.1212,3.1265,1048808.2,3275937.66622
2025-08-17 18:45:00+08:00,3.1265,3.1269,3.121,3.1261,1206151.7,3766843.56066
2025-08-17 19:00:00+08:00,3.1261,3.1262,3.1219,3.1228,682330.7,2131627.27116
2025-08-17 19:15:00+08:00,3.1228,3.1303,3.1224,3.1302,869835.6,2719935.48194
2025-08-17 19:30:00+08:00,3.1302,3.1315,3.1266,3.1282,778668,2436659.0705
2025-08-17 19:45:00+08:00,3.1282,3.1316,3.1265,3.1273,700260.6,2191019.02808
2025-08-17 20:00:00+08:00,3.1273,3.1278,3.1227,3.1231,787094.9,2459489.09827
2025-08-17 20:15:00+08:00,3.1231,3.1231,3.1143,3.1151,1840717.5,5739046.66119
2025-08-17 20:30:00+08:00,3.1151,3.1193,3.1131,3.1163,1951882.2,6081764.9362
2025-08-17 20:45:00+08:00,3.1163,3.118,3.1148,3.1172,1187807,3701802.98288
2025-08-17 21:00:00+08:00,3.1172,3.1175,3.1133,3.1146,856402.2,2667665.68156
2025-08-17 21:15:00+08:00,3.1146,3.1181,3.1146,3.1168,775931,2418243.10055
2025-08-17 21:30:00+08:00,3.1168,3.1237,3.1164,3.1236,558988.9,1744617.54958
2025-08-17 21:45:00+08:00,3.1236,3.1311,3.1232,3.1274,1393709.3,4358919.90627
2025-08-17 22:00:00+08:00,3.1274,3.1283,3.1241,3.1248,570129,1782565.48168
2025-08-17 22:15:00+08:00,3.1248,3.1249,3.1169,3.1206,1685986.9,5259813.85296
2025-08-17 22:30:00+08:00,3.1206,3.1211,3.1163,3.1195,607389.6,1893913.53535
2025-08-17 22:45:00+08:00,3.1195,3.1246,3.116,3.1163,900835.1,2809656.33281
2025-08-17 23:00:00+08:00,3.1163,3.122,3.1144,3.1217,1110781.7,3463231.517
2025-08-17 23:15:00+08:00,3.1217,3.122,3.114,3.1203,1183186.4,3688752.64694
2025-08-17 23:30:00+08:00,3.1203,3.1373,3.1203,3.1362,3209149.5,10047617.18976
2025-08-17 23:45:00+08:00,3.1362,3.1456,3.1329,3.1429,2083965.4,6544722.73935
2025-08-18 00:00:00+08:00,3.1429,3.1466,3.136,3.138,3472683.5,10910796.4656
2025-08-18 00:15:00+08:00,3.138,3.1396,3.1261,3.1261,3256253.1,10195595.87222
2025-08-18 00:30:00+08:00,3.1261,3.1261,3.1145,3.1154,2655955.9,8285972.72272
2025-08-18 00:45:00+08:00,3.1154,3.1176,3.1033,3.1109,3899473.6,12128651.6252
2025-08-18 01:00:00+08:00,3.1109,3.1189,3.1094,3.1107,1866317.8,5811344.25337
2025-08-18 01:15:00+08:00,3.1107,3.1179,3.1039,3.1153,1440068.3,4479413.72891
2025-08-18 01:30:00+08:00,3.1153,3.118,3.1085,3.1111,454534.1,1414989.05612
2025-08-18 01:45:00+08:00,3.1111,3.1145,3.1055,3.1068,764447.5,2376597.21693
2025-08-18 02:00:00+08:00,3.1068,3.1078,3.1022,3.1053,738089,2291482.45316
2025-08-18 02:15:00+08:00,3.1053,3.107,3.0974,3.1027,1658239.5,5142545.37079
2025-08-18 02:30:00+08:00,3.1027,3.1068,3.1,3.1011,912883,2831828.0519
2025-08-18 02:45:00+08:00,3.1011,3.104,3.0761,3.0964,15790176.3,48733037.12301
2025-08-18 03:00:00+08:00,3.0964,3.1028,3.0913,3.1003,4084848.4,12658732.56291
2025-08-18 03:15:00+08:00,3.1003,3.1015,3.0958,3.0979,903278,2798816.92745
2025-08-18 03:30:00+08:00,3.0979,3.0994,3.088,3.0905,1257901.4,3889826.58841
2025-08-18 03:45:00+08:00,3.0905,3.0945,3.0854,3.0877,1319210.2,4075692.49801
2025-08-18 04:00:00+08:00,3.0877,3.0939,3.087,3.0934,902154.3,2787970.0392
2025-08-18 04:15:00+08:00,3.0934,3.0949,3.0893,3.0922,643395.6,1989715.0455
2025-08-18 04:30:00+08:00,3.0922,3.0981,3.0918,3.0979,1223508.7,3786326.15923
2025-08-18 04:45:00+08:00,3.0979,3.0983,3.0904,3.0914,825664.5,2554617.05074
2025-08-18 05:00:00+08:00,3.0914,3.094,3.0865,3.0901,939539,2902383.80759
2025-08-18 05:15:00+08:00,3.0901,3.0962,3.087,3.0944,535268.8,1654935.31098
2025-08-18 05:30:00+08:00,3.0944,3.1005,3.0891,3.1005,686466.8,2124593.05196
2025-08-18 05:45:00+08:00,3.1005,3.1023,3.0986,3.0992,901377.4,2795457.25774
2025-08-18 06:00:00+08:00,3.0992,3.1036,3.0949,3.0981,1035825.3,3210301.10516
2025-08-18 06:15:00+08:00,3.0981,3.1038,3.096,3.1024,1202058.1,3726857.51743
2025-08-18 06:30:00+08:00,3.1024,3.1121,3.1005,3.1121,1022743.8,3178944.6582
2025-08-18 06:45:00+08:00,3.1121,3.1121,3.1072,3.1093,1021186.6,3175434.38532
2025-08-18 07:00:00+08:00,3.1093,3.1103,3.0998,3.1062,4679967.4,14521211.66958
2025-08-18 07:15:00+08:00,3.1062,3.1064,3.096,3.0961,735442.1,2279717.85918
2025-08-18 07:30:00+08:00,3.0961,3.0967,3.091,3.0946,1469769,4547442.19133
2025-08-18 07:45:00+08:00,3.0946,3.0946,3.0833,3.0863,3018931.4,9326106.76911
2025-08-18 08:00:00+08:00,3.0863,3.09,3.0812,3.0884,1503529.3,4639526.3142
2025-08-18 08:15:00+08:00,3.0884,3.0884,3.0734,3.0771,2818693.5,8680128.52435
2025-08-18 08:30:00+08:00,3.0771,3.0841,3.071,3.0814,1789282.3,5504823.6911
2025-08-18 08:45:00+08:00,3.0814,3.0871,3.0794,3.0809,1698828.7,5237725.05987
2025-08-18 09:00:00+08:00,3.0809,3.0834,3.0715,3.0731,1074282.7,3306339.42004
2025-08-18 09:15:00+08:00,3.0731,3.079,3.0545,3.0545,5088905.8,15601084.10099
2025-08-18 09:30:00+08:00,3.0545,3.0666,3.0424,3.0503,7388987.1,22560665.55035
2025-08-18 09:45:00+08:00,3.0503,3.0547,3.0336,3.0402,4980483.2,15151038.65634
2025-08-18 10:00:00+08:00,3.0402,3.0435,3.019,3.0291,8308204.3,25156743.0193
2025-08-18 10:15:00+08:00,3.0291,3.0327,3.0168,3.0198,4378475.8,13236295.01385
2025-08-18 10:30:00+08:00,3.0198,3.0305,3.0112,3.0271,4907762.7,14829788.2381
2025-08-18 10:45:00+08:00,3.0271,3.0287,3.0035,3.009,8490070,25566729.9114
2025-08-18 11:00:00+08:00,3.009,3.0149,3.0064,3.0094,2465272,7425239.9352
2025-08-18 11:15:00+08:00,3.0094,3.0123,2.9833,2.9869,19354790,57905693.6688
2025-08-18 11:30:00+08:00,2.9869,2.9924,2.9657,2.978,14590502,43460762.3638
2025-08-18 11:45:00+08:00,2.978,2.9918,2.9674,2.9887,8368922,24936020.4718
2025-08-18 12:00:00+08:00,2.9887,2.9887,2.9763,2.9854,5478702,16344908.7504
2025-08-18 12:15:00+08:00,2.9854,2.9951,2.9809,2.995,3410744,10194493.0038
2025-08-18 12:30:00+08:00,2.995,2.9986,2.9909,2.9912,5273358,15794760.823
2025-08-18 12:45:00+08:00,2.9912,2.9985,2.9912,2.9971,1461072,4377767.242
2025-08-18 13:00:00+08:00,2.9971,3.004,2.9967,3.0027,2722456,8170893.7726
2025-08-18 13:15:00+08:00,3.0027,3.0029,2.9954,2.9966,1319138,3955578.9054
2025-08-18 13:30:00+08:00,2.9966,2.9975,2.9778,2.9825,4713748,14069670.3752
2025-08-18 13:45:00+08:00,2.9825,2.9915,2.9714,2.9909,4140732,12347538.8396
2025-08-18 14:00:00+08:00,2.9909,2.991,2.9722,2.9752,5534122,16498541.7102
2025-08-18 14:15:00+08:00,2.9752,2.9796,2.9595,2.9699,7704032,22858196.794
2025-08-18 14:30:00+08:00,2.9699,2.9759,2.9547,2.9609,6534912,19358011.2894
2025-08-18 14:45:00+08:00,2.9609,2.9717,2.9535,2.9703,5284234,15657217.2918
2025-08-18 15:00:00+08:00,2.9703,2.9775,2.9675,2.9686,5212648,15497622.1548
2025-08-18 15:15:00+08:00,2.9686,2.9724,2.959,2.9657,3723320,11041152.2574
2025-08-18 15:30:00+08:00,2.9657,2.9749,2.958,2.9682,4958672,14724821.0812
2025-08-18 15:45:00+08:00,2.9682,2.9712,2.9613,2.9629,1957744,5805078.161
2025-08-18 16:00:00+08:00,2.9629,2.9744,2.9613,2.9642,1809708,5369685.5858
2025-08-18 16:15:00+08:00,2.9642,2.9719,2.9621,2.9719,1410198,4187182.0198
2025-08-18 16:30:00+08:00,2.9719,2.9752,2.9661,2.9672,2752680,8174976.5858
2025-08-18 16:45:00+08:00,2.9672,2.9702,2.961,2.9614,1911284,5666602.2304
2025-08-18 17:00:00+08:00,2.9614,2.9614,2.9489,2.953,6046444,17859258.8986
2025-08-18 17:15:00+08:00,2.953,2.953,2.9411,2.9444,5520504,16264485.4066
2025-08-18 17:30:00+08:00,2.9444,2.9633,2.9393,2.9628,10339422,30518635.2326
2025-08-18 17:45:00+08:00,2.9628,2.9684,2.959,2.9663,6117324,18133997.2816
2025-08-18 18:00:00+08:00,2.9663,2.9718,2.9577,2.9593,3617584,10727630.4984
2025-08-18 18:15:00+08:00,2.9593,2.9635,2.9536,2.9549,4022824,11899579.3746
2025-08-18 18:30:00+08:00,2.9549,2.9685,2.9543,2.9684,1518324,4497579.2558
2025-08-18 18:45:00+08:00,2.9684,2.9685,2.9636,2.9684,3039742,9017630.3086
2025-08-18 19:00:00+08:00,2.9684,2.9719,2.963,2.9671,1433728,4254965.2044
2025-08-18 19:15:00+08:00,2.9671,2.9737,2.965,2.9709,1721486,5113547.606
2025-08-18 19:30:00+08:00,2.9709,2.9771,2.967,2.9761,2610240,7755299.901
2025-08-18 19:45:00+08:00,2.9761,2.9764,2.9577,2.963,8951064,26520493.0304
2025-08-18 20:00:00+08:00,2.963,2.9779,2.9585,2.973,3575832,10619408.3512
2025-08-18 20:15:00+08:00,2.973,2.9784,2.9705,2.9737,1505888,4478967.256
2025-08-18 20:30:00+08:00,2.9737,2.9813,2.9716,2.9805,3702218,11018044.0162
2025-08-18 20:45:00+08:00,2.9805,2.9887,2.9788,2.9887,3115340,9297830.8672
2025-08-18 21:00:00+08:00,2.9887,2.9937,2.985,2.9908,4987952,14913829.5514
2025-08-18 21:15:00+08:00,2.9908,2.9989,2.9867,2.9968,2374002,7109179.1056
2025-08-18 21:30:00+08:00,2.9968,2.9993,2.9754,2.9823,4692706,14019709.3922
2025-08-18 21:45:00+08:00,2.9823,2.991,2.9654,2.9658,4763158,14181838.8878
2025-08-18 22:00:00+08:00,2.9658,2.9853,2.9657,2.981,3920850,11661678.3528
2025-08-18 22:15:00+08:00,2.981,2.995,2.9744,2.9903,3850346,11492253.363
2025-08-18 22:30:00+08:00,2.9903,2.9975,2.9815,2.9821,2595148,7757287.7624
2025-08-18 22:45:00+08:00,2.9821,2.995,2.9682,2.9946,3700482,11025989.5962
2025-08-18 23:00:00+08:00,2.9946,3.0044,2.9892,2.99,4418636,13246497.9436
2025-08-18 23:15:00+08:00,2.99,2.9998,2.9859,2.9926,2320080,6943277.2206
2025-08-18 23:30:00+08:00,2.9926,3.0206,2.9852,3.0118,3579646,10760562.5452
2025-08-18 23:45:00+08:00,3.0118,3.0225,3.0106,3.0142,3237472,9760908.5114
2025-08-19 00:00:00+08:00,3.0142,3.0215,3.0057,3.008,3102738,9348124.5334
2025-08-19 00:15:00+08:00,3.008,3.0208,3.0025,3.0142,1812224,5458056.4676
2025-08-19 00:30:00+08:00,3.0142,3.0207,3.001,3.0093,2317290,6972292.6694
2025-08-19 00:45:00+08:00,3.0093,3.021,3.0021,3.0023,2848896,8579643.1994
2025-08-19 01:00:00+08:00,3.0023,3.0179,2.9994,3.0176,1460870,4395297.5082
2025-08-19 01:15:00+08:00,3.0176,3.0491,3.0176,3.0461,4431564,13442235.9928
2025-08-19 01:30:00+08:00,3.0461,3.0955,3.0455,3.0763,11511688,35381051.85
2025-08-19 01:45:00+08:00,3.0763,3.0828,3.067,3.0692,4880208,14992783.1476
2025-08-19 02:00:00+08:00,3.0692,3.0729,3.0456,3.0465,5587342,17074536.6062
2025-08-19 02:15:00+08:00,3.0465,3.0533,3.0419,3.0521,2488576,7584617.5678
2025-08-19 02:30:00+08:00,3.0521,3.0645,3.0517,3.0581,3620048,11068064.7166
2025-08-19 02:45:00+08:00,3.0581,3.0655,3.0579,3.0641,1236480,3786174.5376
2025-08-19 03:00:00+08:00,3.0641,3.0753,3.0546,3.0592,3220222,9870026.1194
2025-08-19 03:15:00+08:00,3.0592,3.0757,3.0545,3.0749,1945512,5967799.9576
2025-08-19 03:30:00+08:00,3.0749,3.0769,3.0607,3.0626,1313090,4029098.3484
2025-08-19 03:45:00+08:00,3.0626,3.0829,3.0589,3.0803,1960378,6027740.9036
2025-08-19 04:00:00+08:00,3.0803,3.0822,3.0661,3.0766,2723514,8369311.2866
2025-08-19 04:15:00+08:00,3.0766,3.0785,3.0668,3.0752,1216174,3736335.8024
2025-08-19 04:30:00+08:00,3.0752,3.0772,3.0505,3.0592,3194868,9777576.9726
2025-08-19 04:45:00+08:00,3.0592,3.0794,3.0556,3.0787,2142338,6572595.9514
2025-08-19 05:00:00+08:00,3.0787,3.0897,3.072,3.0892,2684626,8267636.1196
2025-08-19 05:15:00+08:00,3.0892,3.0944,3.0836,3.0932,2729756,8435614.949
2025-08-19 05:30:00+08:00,3.0932,3.0948,3.0715,3.0715,2812756,8676280.2726
2025-08-19 05:45:00+08:00,3.0715,3.0873,3.0676,3.0774,1373114,4224769.3608
2025-08-19 06:00:00+08:00,3.0774,3.0893,3.0774,3.0835,1736670,5358265.701
2025-08-19 06:15:00+08:00,3.0835,3.0917,3.0832,3.0847,1823828,5629527.7642
2025-08-19 06:30:00+08:00,3.0847,3.0862,3.075,3.0761,1852302,5706401.7712
2025-08-19 06:45:00+08:00,3.0761,3.0777,3.0663,3.0673,2026096,6222881.702
2025-08-19 07:00:00+08:00,3.0673,3.0691,3.0612,3.0612,1839426,5638024.8554
2025-08-19 07:15:00+08:00,3.0612,3.0679,3.0581,3.0639,2457820,7527235.6418
2025-08-19 07:30:00+08:00,3.0639,3.0645,3.0548,3.056,3025900,9251735.9524
2025-08-19 07:45:00+08:00,3.056,3.0613,3.0536,3.0601,1279838,3912933.668
2025-08-19 08:00:00+08:00,3.0601,3.0626,3.0548,3.0559,1118920,3422781.8642
2025-08-19 08:15:00+08:00,3.0559,3.0559,3.0364,3.0372,5574990,16969125.8166
2025-08-19 08:30:00+08:00,3.0372,3.0546,3.0231,3.0506,6661380,20221155.7106
2025-08-19 08:45:00+08:00,3.0506,3.0684,3.0501,3.0654,3037164,9302457.5302
2025-08-19 09:00:00+08:00,3.0654,3.0796,3.0621,3.0678,2500234,7682277.9474
2025-08-19 09:15:00+08:00,3.0678,3.0725,3.055,3.055,1675236,5129767.3006
2025-08-19 09:30:00+08:00,3.055,3.055,3.0437,3.05,2056684,6270142.4706
2025-08-19 09:45:00+08:00,3.05,3.0559,3.0432,3.049,2082646,6351105.022
2025-08-19 10:00:00+08:00,3.049,3.05,3.0355,3.0405,1904598,5789737.0714
2025-08-19 10:15:00+08:00,3.0405,3.0459,3.0328,3.0428,1513252,4597921.9402
2025-08-19 10:30:00+08:00,3.0428,3.047,3.035,3.0383,829418,2523315.7126
2025-08-19 10:45:00+08:00,3.0383,3.0467,3.031,3.0333,1142534,3471013.9032
2025-08-19 11:00:00+08:00,3.0333,3.0348,3.0222,3.0309,2111020,6391072.1894
2025-08-19 11:15:00+08:00,3.0309,3.0339,3.0175,3.019,3430180,10365918.3984
2025-08-19 11:30:00+08:00,3.019,3.0192,2.9878,2.997,10296268,30970330.7322
2025-08-19 11:45:00+08:00,2.997,2.9981,2.9825,2.9891,6405778,19142587.8998
2025-08-19 12:00:00+08:00,2.9891,2.9954,2.9713,2.9848,8236268,24573782.7766
2025-08-19 12:15:00+08:00,2.9848,2.9896,2.9745,2.9809,3809926,11362356.4214
2025-08-19 12:30:00+08:00,2.9809,2.9977,2.9802,2.9975,2698196,8067106.0956
2025-08-19 12:45:00+08:00,2.9975,3.0062,2.9926,3.0052,2050728,6151525.173
2025-08-19 13:00:00+08:00,3.0052,3.0123,3.0001,3.0086,2485194,7468797.474
2025-08-19 13:15:00+08:00,3.0086,3.0223,3.0066,3.0215,4860408,14652596.1436
2025-08-19 13:30:00+08:00,3.0215,3.0266,3.0149,3.0207,1552842,4691940.2658
2025-08-19 13:45:00+08:00,3.0207,3.0214,3.012,3.0132,1834498,5530690.2028
2025-08-19 14:00:00+08:00,3.0132,3.0179,3.0022,3.0161,6359028,19120745.6216
2025-08-19 14:15:00+08:00,3.0161,3.0248,3.0094,3.0207,3888520,11742226.8756
2025-08-19 14:30:00+08:00,3.0207,3.0249,3.0166,3.0199,2047044,6184020.4564
2025-08-19 14:45:00+08:00,3.0199,3.0224,3.0122,3.0191,1189194,3588086.8256
2025-08-19 15:00:00+08:00,3.0191,3.0219,3.0046,3.0098,3354030,10097792.6806
2025-08-19 15:15:00+08:00,3.0098,3.0106,2.9938,2.9994,3707444,11123186.5024
2025-08-19 15:30:00+08:00,2.9994,3.0021,2.9905,2.9969,4047586,12132411.8044
2025-08-19 15:45:00+08:00,2.9969,3.0065,2.996,3.0029,3908424,11737029.136
2025-08-19 16:00:00+08:00,3.0029,3.0094,2.9901,3.0015,6675398,20034569.0922
2025-08-19 16:15:00+08:00,3.0015,3.0061,2.9975,3.0002,2288282,6866876.6548
2025-08-19 16:30:00+08:00,3.0002,3.0017,2.9947,2.9986,1219584,3655811.9814
2025-08-19 16:45:00+08:00,2.9986,3.0156,2.9964,3.008,2916976,8778571.7558
2025-08-19 17:00:00+08:00,3.008,3.0175,3.0044,3.0129,2765058,8328014.2038
2025-08-19 17:15:00+08:00,3.0129,3.0184,3.0109,3.0171,1755836,5295629.242
2025-08-19 17:30:00+08:00,3.0171,3.0223,3.0087,3.0101,3579658,10797789.6334
2025-08-19 17:45:00+08:00,3.0101,3.0164,3.0076,3.0164,1086040,3270016.458
2025-08-19 18:00:00+08:00,3.0164,3.0187,3.0099,3.0118,3037124,9157594.6802
2025-08-19 18:15:00+08:00,3.0118,3.016,3.0109,3.0131,952936,2872017.1582
2025-08-19 18:30:00+08:00,3.0131,3.0235,3.0093,3.018,2465590,7437082.9888
2025-08-19 18:45:00+08:00,3.018,3.0189,3.0086,3.0112,1508528,4544072.4574
2025-08-19 19:00:00+08:00,3.0112,3.0132,3.0063,3.0101,1510020,4542830.4534
2025-08-19 19:15:00+08:00,3.0101,3.0181,3.0082,3.0138,1766916,5325684.4956
2025-08-19 19:30:00+08:00,3.0138,3.0171,3.0063,3.0071,1544810,4652608.7238
2025-08-19 19:45:00+08:00,3.0071,3.0165,3.0057,3.0146,1302348,3923445.4826
2025-08-19 20:00:00+08:00,3.0146,3.015,3.0096,3.0116,771346,2323496.3544
2025-08-19 20:15:00+08:00,3.0116,3.0171,3.0101,3.0156,1203164,3625870.0878
2025-08-19 20:30:00+08:00,3.0156,3.0157,3.0082,3.0117,1562518,4704619.311
2025-08-19 20:45:00+08:00,3.0117,3.0138,3.0026,3.0121,2916032,8768761.5034
2025-08-19 21:00:00+08:00,3.0121,3.0122,3.0042,3.0042,786534,2365357.2122
2025-08-19 21:15:00+08:00,3.0042,3.0285,3.0034,3.0229,3255610,9829366.2294
2025-08-19 21:30:00+08:00,3.0229,3.037,2.9886,2.9897,11921492,35893332.0734
2025-08-19 21:45:00+08:00,2.9897,3.0079,2.9834,2.9983,9904756,29657343.3722
2025-08-19 22:00:00+08:00,2.9983,3.0065,2.9866,2.9882,3470180,10398703.4182
2025-08-19 22:15:00+08:00,2.9882,2.9895,2.9477,2.9477,9956508,29556234.8202
2025-08-19 22:30:00+08:00,2.9477,2.9606,2.9329,2.9443,14865162,43825819.3518
2025-08-19 22:45:00+08:00,2.9443,2.9491,2.9302,2.9415,10493966,30865742.1776
2025-08-19 23:00:00+08:00,2.9415,2.9493,2.9322,2.9453,8450866,24859292.476
2025-08-19 23:15:00+08:00,2.9453,2.966,2.9448,2.9636,6536096,19306082.6082
2025-08-19 23:30:00+08:00,2.9636,2.9645,2.9454,2.9511,3753062,11092451.2654
2025-08-19 23:45:00+08:00,2.9511,2.9513,2.9253,2.928,8268662,24257691.9686
2025-08-20 00:00:00+08:00,2.928,2.9331,2.9212,2.9217,6260128,18320816.4458
2025-08-20 00:15:00+08:00,2.9217,2.9341,2.9185,2.9208,4708158,13772480.3392
2025-08-20 00:30:00+08:00,2.9208,2.9303,2.9099,2.9209,6840906,19966741.0764
2025-08-20 00:45:00+08:00,2.9209,2.9218,2.9061,2.9099,5514446,16062143.3716
2025-08-20 01:00:00+08:00,2.9099,2.9213,2.8941,2.9213,8265010,24008798.4186
2025-08-20 01:15:00+08:00,2.9213,2.9284,2.9189,2.9265,2474956,7236502.2836
2025-08-20 01:30:00+08:00,2.9265,2.9306,2.9198,2.9239,2159450,6315775.2512
2025-08-20 01:45:00+08:00,2.9239,2.9306,2.9172,2.928,1215440,3553149.7024
2025-08-20 02:00:00+08:00,2.928,2.9321,2.9239,2.9239,1116784,3270631.1178
2025-08-20 02:15:00+08:00,2.9239,2.9294,2.9168,2.9168,2238778,6542735.2452
2025-08-20 02:30:00+08:00,2.9168,2.9244,2.9051,2.9083,3334448,9718489.3814
2025-08-20 02:45:00+08:00,2.9083,2.9119,2.8913,2.9015,8040616,23312042.2774
2025-08-20 03:00:00+08:00,2.9015,2.9015,2.8791,2.8862,8800022,25409234.7608
2025-08-20 03:15:00+08:00,2.8862,2.9172,2.8804,2.9146,4457876,12932516.6814
2025-08-20 03:30:00+08:00,2.9146,2.9172,2.9069,2.9101,2635254,7672346.9714
2025-08-20 03:45:00+08:00,2.9101,2.9119,2.8692,2.8752,7804650,22513384.2054
2025-08-20 04:00:00+08:00,2.8752,2.8842,2.8698,2.8753,5220740,15018826.1966
2025-08-20 04:15:00+08:00,2.8753,2.893,2.8737,2.8899,2423688,6990622.855
2025-08-20 04:30:00+08:00,2.8899,2.9014,2.8899,2.9003,2269564,6575165.1016
2025-08-20 04:45:00+08:00,2.9003,2.905,2.8974,2.9014,2113010,6130293.5972
2025-08-20 05:00:00+08:00,2.9014,2.9036,2.8872,2.8913,4123680,11935036.6416
2025-08-20 05:15:00+08:00,2.8913,2.8976,2.8733,2.8903,6963082,20075551.0326
2025-08-20 05:30:00+08:00,2.8903,2.8953,2.886,2.8944,3208634,9274893.7846
2025-08-20 05:45:00+08:00,2.8944,2.8992,2.8911,2.8952,2078996,6021627.627
2025-08-20 06:00:00+08:00,2.8952,2.8953,2.8814,2.8865,3074614,8873399.79
2025-08-20 06:15:00+08:00,2.8865,2.8938,2.8833,2.8915,888766,2568486.195
2025-08-20 06:30:00+08:00,2.8915,2.9,2.8896,2.8964,1515182,4386238.2792
2025-08-20 06:45:00+08:00,2.8964,2.8971,2.888,2.8913,1202492,3476685.1652
2025-08-20 07:00:00+08:00,2.8913,2.8929,2.8813,2.8862,2651328,7652901.1974
2025-08-20 07:15:00+08:00,2.8862,2.8869,2.8608,2.8644,6117972,17557352.0886
2025-08-20 07:30:00+08:00,2.8644,2.8764,2.8609,2.8681,4889206,14020453.3288
2025-08-20 07:45:00+08:00,2.8681,2.8697,2.8471,2.8593,10231400,29211329.8286
2025-08-20 08:00:00+08:00,2.8593,2.883,2.8584,2.8769,4868404,13992121.9258
2025-08-20 08:15:00+08:00,2.8769,2.8862,2.8663,2.8722,3080318,8861925.8914
2025-08-20 08:30:00+08:00,2.8722,2.8857,2.8702,2.8836,2019052,5807958.419
2025-08-20 08:45:00+08:00,2.8836,2.8876,2.8766,2.8775,1331354,3836157.3456
2025-08-20 09:00:00+08:00,2.8775,2.8898,2.8739,2.8769,2040444,5883338.0126
2025-08-20 09:15:00+08:00,2.8769,2.8874,2.87,2.871,1433152,4122242.5984
2025-08-20 09:30:00+08:00,2.871,2.8721,2.8476,2.8548,5607848,16034066.305
2025-08-20 09:45:00+08:00,2.8548,2.8858,2.8548,2.8839,2866008,8236037.9416
2025-08-20 10:00:00+08:00,2.8839,2.8921,2.8769,2.8906,4906718,14155652.801
2025-08-20 10:15:00+08:00,2.8906,2.8926,2.8881,2.8904,1391810,4023162.0022
2025-08-20 10:30:00+08:00,2.8904,2.8917,2.8855,2.8914,1412654,4080649.4584
2025-08-20 10:45:00+08:00,2.8914,2.8925,2.8831,2.8837,1215002,3509441.2162
2025-08-20 11:00:00+08:00,2.8837,2.8921,2.8817,2.8825,2464896,7115568.8078
2025-08-20 11:15:00+08:00,2.8825,2.8929,2.8802,2.8929,1056218,3050211.4452
2025-08-20 11:30:00+08:00,2.8929,2.8991,2.8828,2.8849,2858156,8269206.853
2025-08-20 11:45:00+08:00,2.8849,2.8886,2.882,2.886,1240442,3578107.996
2025-08-20 12:00:00+08:00,2.886,2.895,2.8855,2.8918,1362678,3940653.3512
2025-08-20 12:15:00+08:00,2.8918,2.8964,2.89,2.8953,2162670,6258520.2426
2025-08-20 12:30:00+08:00,2.8953,2.9,2.8883,2.8908,2367952,6858160.3684
2025-08-20 12:45:00+08:00,2.8908,2.8988,2.8904,2.8977,862438,2497481.5376
2025-08-20 13:00:00+08:00,2.8977,2.8989,2.8918,2.8926,1207560,3495956.6114
2025-08-20 13:15:00+08:00,2.8926,2.8948,2.8865,2.8934,2306274,6667654.1982
2025-08-20 13:30:00+08:00,2.8934,2.8973,2.8911,2.8953,1027406,2973714.1102
2025-08-20 13:45:00+08:00,2.8953,2.8992,2.8942,2.8989,818232,2370899.1892
2025-08-20 14:00:00+08:00,2.8989,2.8989,2.8823,2.8827,3826300,11065021.9998
2025-08-20 14:15:00+08:00,2.8827,2.8863,2.8753,2.8842,3717048,10707890.0028
2025-08-20 14:30:00+08:00,2.8842,2.8919,2.8821,2.8901,2438112,7038883.8402
2025-08-20 14:45:00+08:00,2.8901,2.8902,2.8824,2.8841,1817660,5243539.1972
2025-08-20 15:00:00+08:00,2.8841,2.8919,2.8818,2.8913,2838190,8193513.0992
2025-08-20 15:15:00+08:00,2.8913,2.8953,2.8868,2.8921,3403186,9841492.038
2025-08-20 15:30:00+08:00,2.8921,2.8924,2.8742,2.8761,3210136,9251092.611
2025-08-20 15:45:00+08:00,2.8761,2.8787,2.8637,2.8662,5561104,15962029.6876
2025-08-20 16:00:00+08:00,2.8662,2.879,2.8625,2.878,5176614,14854593.2018
2025-08-20 16:15:00+08:00,2.878,2.891,2.8779,2.89,2621934,7560681.7572
2025-08-20 16:30:00+08:00,2.89,2.9077,2.89,2.9058,5401872,15663309.5828
2025-08-20 16:45:00+08:00,2.9058,2.9127,2.9007,2.9123,12255226,35614725.3476
2025-08-20 17:00:00+08:00,2.9123,2.9123,2.8974,2.904,36622340,106352450.7704
2025-08-20 17:15:00+08:00,2.904,2.9061,2.893,2.894,6316146,18323979.8882
2025-08-20 17:30:00+08:00,2.894,2.899,2.8895,2.8949,2372396,6865759.2378
2025-08-20 17:45:00+08:00,2.8949,2.9015,2.8835,2.8859,2715704,7849504.046
2025-08-20 18:00:00+08:00,2.8859,2.8893,2.8825,2.8846,1581212,4563104.8526
2025-08-20 18:15:00+08:00,2.8846,2.8977,2.8846,2.8897,2263462,6549167.6198
2025-08-20 18:30:00+08:00,2.8897,2.8996,2.8897,2.8989,1272472,3683402.349
2025-08-20 18:45:00+08:00,2.8989,2.9047,2.8986,2.9021,3186540,9246971.5486
2025-08-20 19:00:00+08:00,2.9021,2.9041,2.8892,2.8911,1488028,4309891.3022
2025-08-20 19:15:00+08:00,2.8911,2.8916,2.8848,2.8867,2334762,6742091.5588
2025-08-20 19:30:00+08:00,2.8867,2.8867,2.8607,2.8637,5854668,16809278.6092
2025-08-20 19:45:00+08:00,2.8637,2.8879,2.8583,2.8879,5737144,16478557.9932
2025-08-20 20:00:00+08:00,2.8879,2.9125,2.8879,2.8961,5196664,15081852.9438
2025-08-20 20:15:00+08:00,2.8961,2.9005,2.8845,2.8879,2530424,7313562.263
2025-08-20 20:30:00+08:00,2.8879,2.9017,2.8873,2.8993,2274886,6586930.8674
2025-08-20 20:45:00+08:00,2.8993,2.8998,2.8908,2.8915,1538638,4456226.8366
2025-08-20 21:00:00+08:00,2.8915,2.8915,2.8707,2.871,2547048,7332003.103
2025-08-20 21:15:00+08:00,2.871,2.8799,2.8674,2.8788,3148480,9047386.586
2025-08-20 21:30:00+08:00,2.8788,2.8891,2.861,2.8622,6985330,20060408.2024
2025-08-20 21:45:00+08:00,2.8622,2.8641,2.8353,2.8453,11856222,33752234.1234
