timestamp,open,high,low,close,volume,Denominated_Coin_Volume
2025-07-28 21:40:00+08:00,3.201,3.2077,3.19,3.1925,5607448,17933065.4876
2025-07-28 21:45:00+08:00,3.1925,3.1993,3.18,3.1874,3104498,9895729.2462
2025-07-28 21:50:00+08:00,3.1874,3.194,3.1844,3.1844,2000322,6379712.1186
2025-07-28 21:55:00+08:00,3.1844,3.1912,3.1791,3.1911,3019764,9622142.8822
2025-07-28 22:00:00+08:00,3.1911,3.1956,3.1825,3.1836,2868000,9148897.5662
2025-07-28 22:05:00+08:00,3.1836,3.2005,3.1821,3.1962,2468056,7882272.433
2025-07-28 22:10:00+08:00,3.1962,3.1962,3.185,3.1876,1357942,4331617.862
2025-07-28 22:15:00+08:00,3.1876,3.1913,3.1657,3.1691,8594676,27268083.0234
2025-07-28 22:20:00+08:00,3.1691,3.1744,3.1592,3.1629,6004082,19017222.2286
2025-07-28 22:25:00+08:00,3.1629,3.1629,3.1409,3.1536,14028822,44215451.934
2025-07-28 22:30:00+08:00,3.1536,3.1597,3.1369,3.1546,12254784,38544912.1868
2025-07-28 22:35:00+08:00,3.1546,3.1651,3.1429,3.1635,4360142,13754239.8048
2025-07-28 22:40:00+08:00,3.1635,3.1679,3.156,3.1667,1945658,6153576.7902
2025-07-28 22:45:00+08:00,3.1667,3.1678,3.1566,3.158,1621470,5124356.0934
2025-07-28 22:50:00+08:00,3.158,3.159,3.1485,3.1583,2371782,7483363.9478
2025-07-28 22:55:00+08:00,3.1583,3.1594,3.1464,3.1545,1804052,5685677.7088
2025-07-28 23:00:00+08:00,3.1545,3.1666,3.1529,3.1645,1682520,5316642.8874
2025-07-28 23:05:00+08:00,3.1645,3.1647,3.1581,3.1595,1069770,3381537.7966
2025-07-28 23:10:00+08:00,3.1595,3.166,3.1563,3.1658,751630,2376694.7264
2025-07-28 23:15:00+08:00,3.1658,3.1717,3.1645,3.1687,2660080,8430183.3736
2025-07-28 23:20:00+08:00,3.1687,3.176,3.1656,3.1745,2069852,6567134.2382
2025-07-28 23:25:00+08:00,3.1745,3.176,3.1696,3.1748,1041596,3305231.031
2025-07-28 23:30:00+08:00,3.1748,3.1794,3.169,3.1697,1153676,3661943.1206
2025-07-28 23:35:00+08:00,3.1697,3.1748,3.1612,3.1633,1042922,3303117.7394
2025-07-28 23:40:00+08:00,3.1633,3.1691,3.1613,3.1621,1313826,4157472.2136
2025-07-28 23:45:00+08:00,3.1621,3.1714,3.1568,3.1571,1639852,5185767.0744
2025-07-28 23:50:00+08:00,3.1571,3.1596,3.1444,3.1552,4257394,13415555.2226
2025-07-28 23:55:00+08:00,3.1552,3.1645,3.1552,3.1587,1812162,5726886.3462
2025-07-29 00:00:00+08:00,3.1587,3.161,3.1515,3.1544,1815100,5729215.7822
2025-07-29 00:05:00+08:00,3.1544,3.1609,3.1462,3.149,2015888,6355050.7334
2025-07-29 00:10:00+08:00,3.149,3.157,3.1456,3.1544,1183520,3728867.5772
2025-07-29 00:15:00+08:00,3.1544,3.1642,3.1537,3.1586,1154944,3650503.0822
2025-07-29 00:20:00+08:00,3.1586,3.1618,3.1509,3.1573,956112,3017882.7034
2025-07-29 00:25:00+08:00,3.1573,3.1688,3.156,3.166,1314806,4161222.5972
2025-07-29 00:30:00+08:00,3.166,3.1697,3.158,3.1633,1081544,3421867.1676
2025-07-29 00:35:00+08:00,3.1633,3.1733,3.1631,3.1684,1025386,3250419.8912
2025-07-29 00:40:00+08:00,3.1684,3.1777,3.1684,3.1776,1469694,4665083.1696
2025-07-29 00:45:00+08:00,3.1776,3.183,3.1746,3.183,1527870,4855559.9872
2025-07-29 00:50:00+08:00,3.183,3.1844,3.1666,3.1713,2349210,7456105.9976
2025-07-29 00:55:00+08:00,3.1713,3.1736,3.1671,3.1686,859764,2725503.3786
2025-07-29 01:00:00+08:00,3.1686,3.177,3.1677,3.1768,850558,2698451.2226
2025-07-29 01:05:00+08:00,3.1768,3.1768,3.17,3.1735,575098,1824319.7604
2025-07-29 01:10:00+08:00,3.1735,3.1771,3.1629,3.1631,1763306,5585756.1954
2025-07-29 01:15:00+08:00,3.1631,3.1684,3.1554,3.1645,3259490,10308490.0118
2025-07-29 01:20:00+08:00,3.1645,3.1688,3.1561,3.168,1574428,4979304.801
2025-07-29 01:25:00+08:00,3.168,3.1778,3.1653,3.1765,1507924,4784193.5848
2025-07-29 01:30:00+08:00,3.1765,3.1804,3.1682,3.1682,1369450,4349743.8452
2025-07-29 01:35:00+08:00,3.1682,3.1714,3.1619,3.1659,1354664,4288587.355
2025-07-29 01:40:00+08:00,3.1659,3.1687,3.1562,3.1606,755546,2387421.1826
2025-07-29 01:45:00+08:00,3.1606,3.1649,3.1529,3.1589,1104744,3489015.0496
2025-07-29 01:50:00+08:00,3.1589,3.1613,3.1553,3.1588,524642,1656669.18
2025-07-29 01:55:00+08:00,3.1588,3.1624,3.1528,3.1564,527476,1665334.5982
2025-07-29 02:00:00+08:00,3.1564,3.1596,3.1201,3.1322,14789894,46347214.8192
2025-07-29 02:05:00+08:00,3.1322,3.145,3.1204,3.1342,4068306,12735488.4266
2025-07-29 02:10:00+08:00,3.1342,3.1507,3.1338,3.1496,1861806,5858019.5264
2025-07-29 02:15:00+08:00,3.1496,3.1505,3.1234,3.1235,6422752,20115358.5208
2025-07-29 02:20:00+08:00,3.1235,3.1437,3.1234,3.1421,6045890,18963833.6092
2025-07-29 02:25:00+08:00,3.1421,3.1429,3.132,3.1348,929554,2916396.1654
2025-07-29 02:30:00+08:00,3.1348,3.1375,3.1124,3.1145,8887646,27753788.7926
2025-07-29 02:35:00+08:00,3.1145,3.1411,3.1145,3.1388,5480916,17169147.3416
2025-07-29 02:40:00+08:00,3.1388,3.1483,3.1388,3.1478,1476944,4643315.9234
2025-07-29 02:45:00+08:00,3.1478,3.1487,3.1359,3.1381,1140840,3582610.0098
2025-07-29 02:50:00+08:00,3.1381,3.1478,3.1371,3.1374,827022,2597839.3724
2025-07-29 02:55:00+08:00,3.1374,3.1433,3.1353,3.1414,3327890,10443790.5064
2025-07-29 03:00:00+08:00,3.1414,3.1573,3.1407,3.1558,6413382,20205943.3928
2025-07-29 03:05:00+08:00,3.1558,3.1603,3.1499,3.1542,1209186,3817213.8426
2025-07-29 03:10:00+08:00,3.1542,3.1596,3.1525,3.1555,961810,3036677.5
2025-07-29 03:15:00+08:00,3.1555,3.1581,3.1505,3.1514,1196536,3774172.823
2025-07-29 03:20:00+08:00,3.1514,3.1579,3.1503,3.1579,421536,1329858.6038
2025-07-29 03:25:00+08:00,3.1579,3.1613,3.1562,3.1587,729312,2304341.9226
2025-07-29 03:30:00+08:00,3.1587,3.1593,3.15,3.15,1647240,5195906.8246
2025-07-29 03:35:00+08:00,3.15,3.153,3.148,3.1482,556948,1754471.665
2025-07-29 03:40:00+08:00,3.1482,3.151,3.1395,3.1404,810036,2547222.4894
2025-07-29 03:45:00+08:00,3.1404,3.142,3.1283,3.1354,5274358,16526425.0444
2025-07-29 03:50:00+08:00,3.1354,3.15,3.132,3.1484,3902872,12273771.3848
2025-07-29 03:55:00+08:00,3.1484,3.1595,3.1462,3.1595,1358860,4283803.2626
2025-07-29 04:00:00+08:00,3.1595,3.1629,3.1505,3.1534,1694244,5349072.33
2025-07-29 04:05:00+08:00,3.1534,3.1553,3.14,3.1419,1317768,4147578.0504
2025-07-29 04:10:00+08:00,3.1419,3.1427,3.13,3.1329,3497964,10963235.835
2025-07-29 04:15:00+08:00,3.1329,3.1407,3.1292,3.139,2605466,8171380.3322
2025-07-29 04:20:00+08:00,3.139,3.1408,3.127,3.1307,5361544,16801751.0984
2025-07-29 04:25:00+08:00,3.1307,3.1319,3.109,3.113,4828594,15053240.4484
2025-07-29 04:30:00+08:00,3.113,3.1342,3.1124,3.1305,2731740,8534244.3726
2025-07-29 04:35:00+08:00,3.1305,3.1382,3.1282,3.1348,1152528,3611458.7958
2025-07-29 04:40:00+08:00,3.1348,3.138,3.1318,3.1323,547048,1715024.513
2025-07-29 04:45:00+08:00,3.1323,3.1419,3.1285,3.1309,823578,2582560.5772
2025-07-29 04:50:00+08:00,3.1309,3.1477,3.1291,3.1465,848922,2664188.011
2025-07-29 04:55:00+08:00,3.1465,3.1495,3.1396,3.1396,535248,1683830.974
2025-07-29 05:00:00+08:00,3.1396,3.15,3.1358,3.1495,475498,1494529.5216
2025-07-29 05:05:00+08:00,3.1495,3.1521,3.1368,3.1379,861290,2708770.1556
2025-07-29 05:10:00+08:00,3.1379,3.1391,3.1333,3.1364,659814,2068863.02
2025-07-29 05:15:00+08:00,3.1364,3.1444,3.1355,3.1398,583472,1832768.8354
2025-07-29 05:20:00+08:00,3.1398,3.1443,3.1362,3.1365,261920,822561.1044
2025-07-29 05:25:00+08:00,3.1365,3.1458,3.1293,3.1443,838576,2630632.9602
2025-07-29 05:30:00+08:00,3.1443,3.152,3.1406,3.1519,448282,1411740.67
2025-07-29 05:35:00+08:00,3.1519,3.1578,3.1499,3.1558,5804638,18310004.103
2025-07-29 05:40:00+08:00,3.1558,3.1599,3.1558,3.1596,1015434,3206400.509
2025-07-29 05:45:00+08:00,3.1596,3.1597,3.1489,3.1492,764722,2411113.9704
2025-07-29 05:50:00+08:00,3.1492,3.1494,3.1345,3.1345,4855510,15241095.4136
2025-07-29 05:55:00+08:00,3.1345,3.1432,3.1309,3.1424,1023856,3210760.704
2025-07-29 06:00:00+08:00,3.1424,3.156,3.1408,3.147,6374930,20089527.3104
2025-07-29 06:05:00+08:00,3.147,3.1526,3.1397,3.1397,1140886,3590012.1074
2025-07-29 06:10:00+08:00,3.1397,3.1401,3.1283,3.14,3098186,9709626.38
2025-07-29 06:15:00+08:00,3.14,3.1482,3.1349,3.1363,2632414,8277112.092
2025-07-29 06:20:00+08:00,3.1363,3.1379,3.13,3.1357,2906234,9104769.6984
2025-07-29 06:25:00+08:00,3.1357,3.1416,3.1333,3.1358,902318,2830746.1408
2025-07-29 06:30:00+08:00,3.1358,3.1372,3.129,3.1323,703646,2204695.3668
2025-07-29 06:35:00+08:00,3.1323,3.14,3.1288,3.129,425864,1334359.8514
2025-07-29 06:40:00+08:00,3.129,3.1297,3.1042,3.1181,5585614,17397485.9646
2025-07-29 06:45:00+08:00,3.1181,3.1308,3.1162,3.1273,1170912,3657605.0072
2025-07-29 06:50:00+08:00,3.1273,3.1338,3.1231,3.1289,695904,2177336.518
2025-07-29 06:55:00+08:00,3.1289,3.1314,3.1231,3.131,492566,1540504.5876
2025-07-29 07:00:00+08:00,3.131,3.1332,3.1219,3.1293,805108,2518097.3492
2025-07-29 07:05:00+08:00,3.1293,3.1387,3.1287,3.1329,977498,3065775.256
2025-07-29 07:10:00+08:00,3.1329,3.1364,3.1274,3.1318,465038,1456183.631
2025-07-29 07:15:00+08:00,3.1318,3.1384,3.1304,3.1383,487522,1528724.5348
2025-07-29 07:20:00+08:00,3.1383,3.1445,3.1366,3.1408,1214260,3813853.3106
2025-07-29 07:25:00+08:00,3.1408,3.1416,3.1185,3.121,8381432,26215725.78
2025-07-29 07:30:00+08:00,3.121,3.1293,3.1183,3.1271,1658992,5182233.033
2025-07-29 07:35:00+08:00,3.1271,3.1292,3.1201,3.127,383026,1196926.7712
2025-07-29 07:40:00+08:00,3.127,3.1303,3.1143,3.1144,646718,2017997.3368
2025-07-29 07:45:00+08:00,3.1144,3.1269,3.1133,3.1241,1442212,4497545.5102
2025-07-29 07:50:00+08:00,3.1241,3.1266,3.1097,3.1119,1285026,4000890.2116
2025-07-29 07:55:00+08:00,3.1119,3.1219,3.1064,3.1219,1434132,4463943.5626
2025-07-29 08:00:00+08:00,3.1219,3.1303,3.1158,3.1257,1352678,4224493.1846
2025-07-29 08:05:00+08:00,3.1257,3.1398,3.1256,3.1339,1841868,5776637.701
2025-07-29 08:10:00+08:00,3.1339,3.141,3.1323,3.1406,882680,2768873.1592
2025-07-29 08:15:00+08:00,3.1406,3.146,3.137,3.137,2079438,6534261.2654
2025-07-29 08:20:00+08:00,3.137,3.1411,3.1353,3.1389,717954,2253053.5152
2025-07-29 08:25:00+08:00,3.1389,3.1423,3.1263,3.1271,681080,2135772.211
2025-07-29 08:30:00+08:00,3.1271,3.1365,3.1095,3.1095,4428154,13812538.7722
2025-07-29 08:35:00+08:00,3.1095,3.1199,3.1066,3.1115,2874838,8945574.9458
2025-07-29 08:40:00+08:00,3.1115,3.112,3.0767,3.0925,14369964,44426923.9134
2025-07-29 08:45:00+08:00,3.0925,3.1188,3.0885,3.1161,2455770,7634102.102
2025-07-29 08:50:00+08:00,3.1161,3.1273,3.1155,3.12,1217580,3801909.1404
2025-07-29 08:55:00+08:00,3.12,3.1246,3.1163,3.1243,908352,2835046.4484
2025-07-29 09:00:00+08:00,3.1243,3.1274,3.114,3.1265,1736590,5419207.016
2025-07-29 09:05:00+08:00,3.1265,3.1325,3.1166,3.1322,1698678,5308204.3648
2025-07-29 09:10:00+08:00,3.1322,3.1346,3.1281,3.1291,915982,2868890.448
2025-07-29 09:15:00+08:00,3.1291,3.1364,3.1291,3.1336,1033146,3236882.038
2025-07-29 09:20:00+08:00,3.1336,3.1382,3.1332,3.1371,802714,2517734.9132
2025-07-29 09:25:00+08:00,3.1371,3.1407,3.1341,3.1342,811548,2546237.1438
2025-07-29 09:30:00+08:00,3.1342,3.1408,3.1342,3.1357,535558,1679985.8344
2025-07-29 09:35:00+08:00,3.1357,3.1396,3.1323,3.1344,646266,2026659.9106
2025-07-29 09:40:00+08:00,3.1344,3.139,3.1289,3.1292,996438,3121754.6138
2025-07-29 09:45:00+08:00,3.1292,3.1295,3.1189,3.119,1696274,5298954.1626
2025-07-29 09:50:00+08:00,3.119,3.1245,3.1178,3.1184,813698,2539668.6266
2025-07-29 09:55:00+08:00,3.1184,3.1217,3.1132,3.1146,820204,2556593.5492
2025-07-29 10:00:00+08:00,3.1146,3.1213,3.1127,3.1136,948884,2957334.6056
2025-07-29 10:05:00+08:00,3.1136,3.1279,3.1131,3.1271,864266,2697104.9326
2025-07-29 10:10:00+08:00,3.1271,3.133,3.1262,3.1313,724426,2266913.1604
2025-07-29 10:15:00+08:00,3.1313,3.1313,3.0929,3.1024,2709592,8412518.0782
2025-07-29 10:20:00+08:00,3.1024,3.1135,3.1022,3.1126,999054,3106325.2188
2025-07-29 10:25:00+08:00,3.1126,3.1241,3.11,3.124,1091510,3405554.3072
2025-07-29 10:30:00+08:00,3.124,3.1241,3.1163,3.1164,495160,1544868.8288
2025-07-29 10:35:00+08:00,3.1164,3.1171,3.1013,3.106,1232102,3830560.5304
2025-07-29 10:40:00+08:00,3.106,3.112,3.0997,3.112,660864,2051736.9086
2025-07-29 10:45:00+08:00,3.112,3.1177,3.1074,3.1152,759196,2363959.0264
2025-07-29 10:50:00+08:00,3.1152,3.117,3.0983,3.1024,1266054,3929746.6044
2025-07-29 10:55:00+08:00,3.1024,3.1105,3.097,3.1085,1130270,3507238.433
2025-07-29 11:00:00+08:00,3.1085,3.1193,3.1079,3.1153,1295314,4034875.796
2025-07-29 11:05:00+08:00,3.1153,3.1332,3.1149,3.1297,1155224,3611815.9388
2025-07-29 11:10:00+08:00,3.1297,3.1341,3.1289,3.1337,601808,1884548.0084
2025-07-29 11:15:00+08:00,3.1337,3.1337,3.1212,3.1233,548338,1713745.413
2025-07-29 11:20:00+08:00,3.1233,3.1264,3.1196,3.1257,368276,1149878.289
2025-07-29 11:25:00+08:00,3.1257,3.128,3.1194,3.1219,415728,1298808.9896
2025-07-29 11:30:00+08:00,3.1219,3.1293,3.1192,3.1206,994724,3106325.5508
2025-07-29 11:35:00+08:00,3.1206,3.1245,3.1143,3.1237,613824,1914762.0116
2025-07-29 11:40:00+08:00,3.1237,3.133,3.1237,3.133,566882,1774244.8354
2025-07-29 11:45:00+08:00,3.133,3.1361,3.1295,3.1308,1033644,3239370.8408
2025-07-29 11:50:00+08:00,3.1308,3.1383,3.1306,3.1364,536984,1683957.7678
2025-07-29 11:55:00+08:00,3.1364,3.1428,3.1364,3.1394,971476,3050601.2692
2025-07-29 12:00:00+08:00,3.1394,3.1418,3.1362,3.1402,583040,1830358.0188
2025-07-29 12:05:00+08:00,3.1402,3.1434,3.1394,3.1427,468968,1473340.0394
2025-07-29 12:10:00+08:00,3.1427,3.1465,3.1418,3.1459,652500,2051789.6934
2025-07-29 12:15:00+08:00,3.1459,3.1459,3.1363,3.1397,615082,1931083.0768
2025-07-29 12:20:00+08:00,3.1397,3.141,3.1381,3.1408,211866,665220.1042
2025-07-29 12:25:00+08:00,3.1408,3.1449,3.1393,3.1406,276280,868116.6074
2025-07-29 12:30:00+08:00,3.1406,3.1431,3.133,3.1351,1629972,5113981.3228
2025-07-29 12:35:00+08:00,3.1351,3.1389,3.1286,3.1388,933786,2925504.5628
2025-07-29 12:40:00+08:00,3.1388,3.1417,3.1288,3.13,374482,1173060.0808
2025-07-29 12:45:00+08:00,3.13,3.1343,3.1269,3.127,432934,1355171.3284
2025-07-29 12:50:00+08:00,3.127,3.1296,3.1215,3.1265,986008,3081461.9334
2025-07-29 12:55:00+08:00,3.1265,3.1272,3.1211,3.1245,593818,1855432.1104
2025-07-29 13:00:00+08:00,3.1245,3.133,3.1228,3.133,762958,2385190.9402
2025-07-29 13:05:00+08:00,3.133,3.1388,3.1303,3.1373,441350,1383932.074
2025-07-29 13:10:00+08:00,3.1373,3.1381,3.1312,3.1312,264272,828560.289
2025-07-29 13:15:00+08:00,3.1312,3.1322,3.1223,3.1313,526142,1645561.7062
2025-07-29 13:20:00+08:00,3.1313,3.137,3.1291,3.1293,299362,937958.113
2025-07-29 13:25:00+08:00,3.1293,3.1378,3.1293,3.1378,216204,677666.9386
2025-07-29 13:30:00+08:00,3.1378,3.1404,3.1331,3.1399,283440,889109.3754
2025-07-29 13:35:00+08:00,3.1399,3.1433,3.1378,3.1432,696704,2188577.874
2025-07-29 13:40:00+08:00,3.1432,3.1444,3.1409,3.1426,885634,2783320.0366
2025-07-29 13:45:00+08:00,3.1426,3.145,3.1416,3.1427,424034,1332905.6786
2025-07-29 13:50:00+08:00,3.1427,3.1476,3.142,3.1475,552634,1738284.6084
2025-07-29 13:55:00+08:00,3.1475,3.1475,3.144,3.1455,754474,2373308.6734
2025-07-29 14:00:00+08:00,3.1455,3.1461,3.1365,3.138,2010276,6313192.6834
2025-07-29 14:05:00+08:00,3.138,3.1409,3.1367,3.1386,256148,803988.616
2025-07-29 14:10:00+08:00,3.1386,3.1439,3.1375,3.1432,275744,865903.1056
2025-07-29 14:15:00+08:00,3.1432,3.1497,3.1425,3.1495,1968400,6195338.3412
2025-07-29 14:20:00+08:00,3.1495,3.157,3.1494,3.1566,2521308,7951123.3166
2025-07-29 14:25:00+08:00,3.1566,3.1567,3.1502,3.1528,978482,3085914.96
2025-07-29 14:30:00+08:00,3.1528,3.1578,3.1487,3.15,3530138,11135879.8444
2025-07-29 14:35:00+08:00,3.15,3.1584,3.1499,3.1584,908334,2863928.0012
2025-07-29 14:40:00+08:00,3.1584,3.1618,3.1567,3.1612,1077228,3403535.5082
2025-07-29 14:45:00+08:00,3.1612,3.1624,3.1561,3.1569,893254,2821581.847
2025-07-29 14:50:00+08:00,3.1569,3.1575,3.1523,3.1555,1257290,3967302.1216
2025-07-29 14:55:00+08:00,3.1555,3.1589,3.1527,3.1533,1814154,5724609.1978
2025-07-29 15:00:00+08:00,3.1533,3.1636,3.1533,3.1634,402084,1270300.6104
2025-07-29 15:05:00+08:00,3.1634,3.1634,3.1579,3.1598,815328,2577433.2682
2025-07-29 15:10:00+08:00,3.1598,3.1603,3.1541,3.1554,536148,1692806.5668
2025-07-29 15:15:00+08:00,3.1554,3.1623,3.1515,3.1593,995042,3139749.2952
2025-07-29 15:20:00+08:00,3.1593,3.1606,3.1521,3.1548,359506,1134889.379
2025-07-29 15:25:00+08:00,3.1548,3.1601,3.1521,3.1569,965506,3047199.1822
2025-07-29 15:30:00+08:00,3.1569,3.1645,3.1566,3.1639,1956058,6180010.2138
2025-07-29 15:35:00+08:00,3.1639,3.1641,3.158,3.1613,1030900,3258085.6078
2025-07-29 15:40:00+08:00,3.1613,3.174,3.16,3.1739,4427262,14028298.7786
2025-07-29 15:45:00+08:00,3.1739,3.1812,3.1739,3.1785,3509560,11156028.0202
2025-07-29 15:50:00+08:00,3.1785,3.1808,3.1724,3.1769,1257672,3994591.0554
2025-07-29 15:55:00+08:00,3.1769,3.1769,3.1704,3.1743,613528,1946298.4746
2025-07-29 16:00:00+08:00,3.1743,3.1828,3.1723,3.1785,938620,2983618.4058
2025-07-29 16:05:00+08:00,3.1785,3.1788,3.1664,3.1688,1355086,4297972.2108
2025-07-29 16:10:00+08:00,3.1688,3.1751,3.1688,3.1744,374962,1189091.0422
2025-07-29 16:15:00+08:00,3.1744,3.1811,3.1716,3.1798,700426,2225124.6264
2025-07-29 16:20:00+08:00,3.1798,3.1836,3.1792,3.1801,982676,3126869.4606
2025-07-29 16:25:00+08:00,3.1801,3.1801,3.1643,3.1655,1817602,5761251.5516
2025-07-29 16:30:00+08:00,3.1655,3.1738,3.1652,3.173,813892,2579451.1282
2025-07-29 16:35:00+08:00,3.173,3.1769,3.1705,3.1748,1094680,3474886.8608
2025-07-29 16:40:00+08:00,3.1748,3.1784,3.1746,3.1766,573494,1822073.148
2025-07-29 16:45:00+08:00,3.1766,3.1846,3.1759,3.1777,1023116,3254288.6552
2025-07-29 16:50:00+08:00,3.1777,3.1783,3.1697,3.1733,746470,2368327.1894
2025-07-29 16:55:00+08:00,3.1733,3.1761,3.171,3.1737,710628,2255153.6498
2025-07-29 17:00:00+08:00,3.1737,3.1751,3.1664,3.1683,1249300,3959724.628
2025-07-29 17:05:00+08:00,3.1683,3.1739,3.1667,3.1706,970308,3075158.6356
2025-07-29 17:10:00+08:00,3.1706,3.1736,3.1596,3.1598,1377862,4357853.1706
2025-07-29 17:15:00+08:00,3.1598,3.1619,3.1491,3.1613,3575610,11279743.9496
2025-07-29 17:20:00+08:00,3.1613,3.1667,3.1611,3.1667,855388,2706043.4158
2025-07-29 17:25:00+08:00,3.1667,3.1667,3.1578,3.1635,478364,1512253.06
2025-07-29 17:30:00+08:00,3.1635,3.1635,3.152,3.1564,2550234,8045052.9162
2025-07-29 17:35:00+08:00,3.1564,3.1564,3.1479,3.152,2300162,7246940.1678
2025-07-29 17:40:00+08:00,3.152,3.1592,3.1511,3.1592,1531018,4831531.6716
2025-07-29 17:45:00+08:00,3.1592,3.1655,3.1518,3.1518,5697354,18003956.0404
2025-07-29 17:50:00+08:00,3.1518,3.1599,3.1518,3.1562,1523496,4810290.865
2025-07-29 17:55:00+08:00,3.1562,3.1605,3.1549,3.1598,610134,1926258.5858
2025-07-29 18:00:00+08:00,3.1598,3.1622,3.1523,3.157,745498,2353165.963
2025-07-29 18:05:00+08:00,3.157,3.157,3.1468,3.1468,1536908,4841226.898
2025-07-29 18:10:00+08:00,3.1468,3.1506,3.1389,3.1408,4221574,13268959.7406
2025-07-29 18:15:00+08:00,3.1408,3.1481,3.1392,3.1438,1133406,3563952.1452
2025-07-29 18:20:00+08:00,3.1438,3.1438,3.1323,3.1388,1961508,6153815.5626
2025-07-29 18:25:00+08:00,3.1388,3.1426,3.1344,3.1413,937354,2941768.5978
2025-07-29 18:30:00+08:00,3.1413,3.1496,3.1404,3.1451,976428,3071407.9088
2025-07-29 18:35:00+08:00,3.1451,3.1458,3.1327,3.1332,858340,2694923.1634
2025-07-29 18:40:00+08:00,3.1332,3.1345,3.1275,3.1293,1927124,6033191.105
2025-07-29 18:45:00+08:00,3.1293,3.1307,3.1209,3.1239,1471936,4598749.7588
2025-07-29 18:50:00+08:00,3.1239,3.1265,3.1155,3.1253,3290690,10276105.6524
2025-07-29 18:55:00+08:00,3.1253,3.1262,3.1123,3.1179,1916228,5974110.202
2025-07-29 19:00:00+08:00,3.1179,3.1235,3.1138,3.1204,1415578,4417284.1928
2025-07-29 19:05:00+08:00,3.1204,3.123,3.1123,3.119,1369870,4270320.1336
2025-07-29 19:10:00+08:00,3.119,3.128,3.1166,3.128,1123010,3507111.0068
2025-07-29 19:15:00+08:00,3.128,3.1295,3.1217,3.1292,680044,2125969.1142
2025-07-29 19:20:00+08:00,3.1292,3.1339,3.1243,3.1318,1030796,3226956.2354
2025-07-29 19:25:00+08:00,3.1318,3.135,3.1296,3.1332,740082,2318366.5148
2025-07-29 19:30:00+08:00,3.1332,3.1403,3.1288,3.1298,1433794,4495818.318
2025-07-29 19:35:00+08:00,3.1298,3.1347,3.1267,3.1285,1174166,3674302.4742
2025-07-29 19:40:00+08:00,3.1285,3.1312,3.1252,3.1281,1053754,3295870.7884
2025-07-29 19:45:00+08:00,3.1281,3.1358,3.1275,3.1349,880054,2755606.802
2025-07-29 19:50:00+08:00,3.1349,3.1372,3.1321,3.1359,311238,975929.5066
2025-07-29 19:55:00+08:00,3.1359,3.1379,3.1335,3.1374,357958,1122750.0066
2025-07-29 20:00:00+08:00,3.1374,3.1483,3.1346,3.1441,2063144,6482411.213
2025-07-29 20:05:00+08:00,3.1441,3.1476,3.14,3.1426,576134,1811355.891
2025-07-29 20:10:00+08:00,3.1426,3.1484,3.1397,3.1451,482492,1517377.9722
2025-07-29 20:15:00+08:00,3.1451,3.1543,3.1451,3.1521,1007018,3172162.2018
2025-07-29 20:20:00+08:00,3.1521,3.1542,3.149,3.1532,569148,1794278.5872
2025-07-29 20:25:00+08:00,3.1532,3.1571,3.1487,3.1524,1407588,4438582.8192
2025-07-29 20:30:00+08:00,3.1524,3.153,3.1424,3.1503,569312,1791577.7092
2025-07-29 20:35:00+08:00,3.1503,3.1598,3.1484,3.1597,1162950,3670864.2112
2025-07-29 20:40:00+08:00,3.1597,3.1674,3.1531,3.1652,7553410,23878913.1502
2025-07-29 20:45:00+08:00,3.1652,3.1682,3.1543,3.1587,2629612,8310245.394
2025-07-29 20:50:00+08:00,3.1587,3.164,3.1573,3.1639,546986,1729113.56
2025-07-29 20:55:00+08:00,3.1639,3.1689,3.1598,3.1616,857706,2715380.9196
2025-07-29 21:00:00+08:00,3.1616,3.1655,3.1556,3.1622,1884376,5951635.3382
2025-07-29 21:05:00+08:00,3.1622,3.163,3.1515,3.1576,588784,1857838.479
2025-07-29 21:10:00+08:00,3.1576,3.1633,3.1548,3.162,463354,1464027.781
2025-07-29 21:15:00+08:00,3.162,3.1652,3.1573,3.1603,498726,1576665.0474
2025-07-29 21:20:00+08:00,3.1603,3.1649,3.157,3.1613,328858,1039574.5212
2025-07-29 21:25:00+08:00,3.1613,3.1732,3.1588,3.1682,1969052,6238575.7654
2025-07-29 21:30:00+08:00,3.1682,3.17,3.1612,3.1675,752596,2382629.401
2025-07-29 21:35:00+08:00,3.1675,3.1675,3.1578,3.1593,447932,1415908.2206
2025-07-29 21:40:00+08:00,3.1593,3.165,3.1508,3.1587,1052016,3320139.2022
2025-07-29 21:45:00+08:00,3.1587,3.1628,3.1508,3.1514,1031428,3255972.4302
2025-07-29 21:50:00+08:00,3.1514,3.1523,3.1426,3.1437,3780734,11892820.141
2025-07-29 21:55:00+08:00,3.1437,3.1437,3.1309,3.1387,2910738,9131601.6306
2025-07-29 22:00:00+08:00,3.1387,3.1399,3.1198,3.1221,2560050,8002834.3224
2025-07-29 22:05:00+08:00,3.1221,3.1221,3.0994,3.1093,8119032,25224151.3494
2025-07-29 22:10:00+08:00,3.1093,3.1194,3.1056,3.1127,4268426,13284874.1242
2025-07-29 22:15:00+08:00,3.1127,3.1221,3.1087,3.1101,1959638,6106199.6696
2025-07-29 22:20:00+08:00,3.1101,3.1244,3.1069,3.1243,2695546,8392827.869
2025-07-29 22:25:00+08:00,3.1243,3.1267,3.1152,3.1252,1581926,4939923.3838
2025-07-29 22:30:00+08:00,3.1252,3.1282,3.1195,3.1212,1500116,4685087.5962
2025-07-29 22:35:00+08:00,3.1212,3.1296,3.1143,3.1182,1141986,3564194.453
2025-07-29 22:40:00+08:00,3.1182,3.1257,3.1156,3.1231,801750,2503659.9528
2025-07-29 22:45:00+08:00,3.1231,3.1263,3.1054,3.107,1102878,3436215.3566
2025-07-29 22:50:00+08:00,3.107,3.1102,3.0855,3.0895,6149470,19028106.6718
2025-07-29 22:55:00+08:00,3.0895,3.1046,3.0858,3.1025,2657290,8226185.6172
2025-07-29 23:00:00+08:00,3.1025,3.104,3.0929,3.0996,1590190,4926313.003
2025-07-29 23:05:00+08:00,3.0996,3.102,3.091,3.0969,3002278,9295004.4174
2025-07-29 23:10:00+08:00,3.0969,3.116,3.0966,3.1034,1431194,4448477.7628
2025-07-29 23:15:00+08:00,3.1034,3.1082,3.0973,3.1045,1118438,3471135.0818
2025-07-29 23:20:00+08:00,3.1045,3.1091,3.0984,3.1071,1170804,3634150.9732
2025-07-29 23:25:00+08:00,3.1071,3.1071,3.0911,3.0918,3757792,11645840.9728
2025-07-29 23:30:00+08:00,3.0918,3.0968,3.0767,3.0817,7320648,22573680.2986
2025-07-29 23:35:00+08:00,3.0817,3.089,3.0753,3.0847,1671306,5150826.6786
2025-07-29 23:40:00+08:00,3.0847,3.096,3.078,3.0927,2036810,6288086.1208
2025-07-29 23:45:00+08:00,3.0927,3.1036,3.09,3.1032,1837802,5692523.2318
2025-07-29 23:50:00+08:00,3.1032,3.11,3.1002,3.107,759708,2359716.0002
2025-07-29 23:55:00+08:00,3.107,3.1101,3.0975,3.0975,722760,2244066.058
2025-07-30 00:00:00+08:00,3.0975,3.1011,3.0904,3.0948,2814450,8715072.521
2025-07-30 00:05:00+08:00,3.0948,3.0957,3.0795,3.081,1815878,5602096.927
2025-07-30 00:10:00+08:00,3.081,3.081,3.0648,3.08,5445156,16724165.361
2025-07-30 00:15:00+08:00,3.08,3.0836,3.0605,3.0657,7030472,21595202.9794
2025-07-30 00:20:00+08:00,3.0657,3.0807,3.0634,3.0723,3536586,10872284.4856
2025-07-30 00:25:00+08:00,3.0723,3.0806,3.0676,3.0745,1395902,4292154.0844
2025-07-30 00:30:00+08:00,3.0745,3.0762,3.058,3.0634,2798988,8573019.1414
2025-07-30 00:35:00+08:00,3.0634,3.065,3.0512,3.0604,5174832,15811349.7648
2025-07-30 00:40:00+08:00,3.0604,3.0792,3.059,3.0789,4120844,12664740.2662
2025-07-30 00:45:00+08:00,3.0789,3.0925,3.0732,3.0922,1904554,5871503.9394
2025-07-30 00:50:00+08:00,3.0922,3.0991,3.0907,3.093,2425512,7506071.6846
2025-07-30 00:55:00+08:00,3.093,3.1061,3.093,3.105,1163326,3607986.7082
2025-07-30 01:00:00+08:00,3.105,3.118,3.1035,3.1156,1535322,4777905.2876
2025-07-30 01:05:00+08:00,3.1156,3.1246,3.1155,3.1215,1514182,4725495.1584
2025-07-30 01:10:00+08:00,3.1215,3.1384,3.1215,3.1383,2182520,6831243.8888
2025-07-30 01:15:00+08:00,3.1383,3.1393,3.1258,3.1292,3450660,10816394.8224
2025-07-30 01:20:00+08:00,3.1292,3.1431,3.1268,3.1431,2070558,6497520.387
2025-07-30 01:25:00+08:00,3.1431,3.1498,3.1416,3.1482,2457326,7730097.175
2025-07-30 01:30:00+08:00,3.1482,3.1494,3.1363,3.1366,2207904,6935149.2844
2025-07-30 01:35:00+08:00,3.1366,3.1423,3.1331,3.1347,936024,2935953.4884
2025-07-30 01:40:00+08:00,3.1347,3.1412,3.1347,3.1351,872570,2737564.5828
2025-07-30 01:45:00+08:00,3.1351,3.151,3.134,3.1485,3324114,10458378.1666
2025-07-30 01:50:00+08:00,3.1485,3.1489,3.1422,3.1445,1288436,4053225.5112
2025-07-30 01:55:00+08:00,3.1445,3.1491,3.1403,3.1455,436704,1373647.1978
2025-07-30 02:00:00+08:00,3.1455,3.1524,3.136,3.139,2799996,8806173.961
2025-07-30 02:05:00+08:00,3.139,3.1448,3.1343,3.1365,1612940,5062989.2692
2025-07-30 02:10:00+08:00,3.1365,3.1483,3.135,3.1435,1729192,5431974.2798
2025-07-30 02:15:00+08:00,3.1435,3.1535,3.142,3.1511,672780,2118207.9056
2025-07-30 02:20:00+08:00,3.1511,3.1528,3.1437,3.1489,722202,2272754.4178
2025-07-30 02:25:00+08:00,3.1489,3.1572,3.1471,3.1572,549066,1731659.997
2025-07-30 02:30:00+08:00,3.1572,3.161,3.1542,3.1562,1287922,4068061.3756
2025-07-30 02:35:00+08:00,3.1562,3.1581,3.1502,3.1502,407798,1286213.5914
2025-07-30 02:40:00+08:00,3.1502,3.1518,3.1406,3.1407,942508,2964874.128
2025-07-30 02:45:00+08:00,3.1407,3.1481,3.1407,3.146,742100,2333009.9416
2025-07-30 02:50:00+08:00,3.146,3.147,3.1384,3.14,663170,2082684.0788
2025-07-30 02:55:00+08:00,3.14,3.1408,3.1322,3.139,1025088,3214971.4218
2025-07-30 03:00:00+08:00,3.139,3.1396,3.1348,3.1384,897548,2815991.0342
2025-07-30 03:05:00+08:00,3.1384,3.1438,3.1307,3.1351,629526,1974187.5012
2025-07-30 03:10:00+08:00,3.1351,3.1387,3.1317,3.1387,375152,1176060.5824
2025-07-30 03:15:00+08:00,3.1387,3.148,3.1348,3.1386,3148064,9887431.988
2025-07-30 03:20:00+08:00,3.1386,3.1421,3.1179,3.1214,6247804,19552783.148
2025-07-30 03:25:00+08:00,3.1214,3.1214,3.1136,3.1194,1286138,4009523.579
2025-07-30 03:30:00+08:00,3.1194,3.126,3.1154,3.1215,719382,2245829.3558
2025-07-30 03:35:00+08:00,3.1215,3.1284,3.1215,3.1283,187672,586692.4478
2025-07-30 03:40:00+08:00,3.1283,3.133,3.1241,3.1255,533652,1669983.3964
2025-07-30 03:45:00+08:00,3.1255,3.1298,3.1225,3.1231,354708,1108780.613
2025-07-30 03:50:00+08:00,3.1231,3.1258,3.1167,3.1229,816362,2546937.0708
2025-07-30 03:55:00+08:00,3.1229,3.1256,3.1182,3.1185,409094,1276894.9362
2025-07-30 04:00:00+08:00,3.1185,3.1212,3.109,3.1162,1273284,3965767.7054
2025-07-30 04:05:00+08:00,3.1162,3.1196,3.1043,3.1058,1250482,3889773.5158
2025-07-30 04:10:00+08:00,3.1058,3.1066,3.0969,3.102,1867806,5791993.82
2025-07-30 04:15:00+08:00,3.102,3.1198,3.093,3.1196,4948108,15364784.6604
2025-07-30 04:20:00+08:00,3.1196,3.1292,3.1131,3.1238,2005120,6261354.106
2025-07-30 04:25:00+08:00,3.1238,3.1249,3.107,3.1105,2174282,6773168.557
2025-07-30 04:30:00+08:00,3.1105,3.1134,3.095,3.0961,1560442,4843521.2226
2025-07-30 04:35:00+08:00,3.0961,3.0994,3.0929,3.0952,527578,1633465.525
2025-07-30 04:40:00+08:00,3.0952,3.103,3.0946,3.1002,505330,1565987.7424
2025-07-30 04:45:00+08:00,3.1002,3.1062,3.0952,3.1052,434104,1346711.2956
2025-07-30 04:50:00+08:00,3.1052,3.1104,3.0982,3.1031,675760,2097993.058
2025-07-30 04:55:00+08:00,3.1031,3.1157,3.1003,3.1157,892828,2775488.6196
2025-07-30 05:00:00+08:00,3.1157,3.1172,3.1021,3.1021,438554,1363805.141
2025-07-30 05:05:00+08:00,3.1021,3.1109,3.1007,3.1097,405120,1258611.0664
2025-07-30 05:10:00+08:00,3.1097,3.1136,3.1074,3.1074,280206,871445.284
2025-07-30 05:15:00+08:00,3.1074,3.1092,3.1024,3.1034,217958,676890.7242
2025-07-30 05:20:00+08:00,3.1034,3.1034,3.0982,3.1002,580774,1800712.0298
2025-07-30 05:25:00+08:00,3.1002,3.106,3.0955,3.104,467938,1450978.557
2025-07-30 05:30:00+08:00,3.104,3.1144,3.102,3.1125,625180,1944658.0942
2025-07-30 05:35:00+08:00,3.1125,3.1132,3.1057,3.1131,478006,1486201.804
2025-07-30 05:40:00+08:00,3.1131,3.115,3.1091,3.1098,352888,1098135.3502
2025-07-30 05:45:00+08:00,3.1098,3.1191,3.1096,3.119,483496,1506014.573
2025-07-30 05:50:00+08:00,3.119,3.1241,3.1174,3.1241,471894,1472801.9696
2025-07-30 05:55:00+08:00,3.1241,3.1323,3.1227,3.123,1799310,5629680.299
2025-07-30 06:00:00+08:00,3.123,3.126,3.1091,3.1105,3036816,9472837.177
2025-07-30 06:05:00+08:00,3.1105,3.1165,3.1095,3.1129,671368,2090250.7804
2025-07-30 06:10:00+08:00,3.1129,3.1159,3.1052,3.1063,659206,2049893.0264
2025-07-30 06:15:00+08:00,3.1063,3.1146,3.1063,3.112,495872,1542000.9622
2025-07-30 06:20:00+08:00,3.112,3.1186,3.1113,3.1186,350100,1090518.8452
2025-07-30 06:25:00+08:00,3.1186,3.1214,3.1165,3.1205,408526,1274495.3852
2025-07-30 06:30:00+08:00,3.1205,3.1234,3.1167,3.1175,355282,1107896.2716
2025-07-30 06:35:00+08:00,3.1175,3.1203,3.1156,3.1169,290442,905271.265
2025-07-30 06:40:00+08:00,3.1169,3.1211,3.1164,3.1169,137990,430392.1478
2025-07-30 06:45:00+08:00,3.1169,3.1268,3.1165,3.1239,758820,2370693.1598
2025-07-30 06:50:00+08:00,3.1239,3.1254,3.1212,3.1223,182772,570921.2826
2025-07-30 06:55:00+08:00,3.1223,3.1262,3.1223,3.1237,195260,610055.4402
2025-07-30 07:00:00+08:00,3.1237,3.1244,3.1197,3.1211,209964,655302.901
2025-07-30 07:05:00+08:00,3.1211,3.125,3.1201,3.125,330012,1030638.0684
2025-07-30 07:10:00+08:00,3.125,3.1296,3.1246,3.1247,533682,1669277.7664
2025-07-30 07:15:00+08:00,3.1247,3.1324,3.1225,3.1282,1305894,4085977.6216
2025-07-30 07:20:00+08:00,3.1282,3.1336,3.1282,3.1318,1293424,4050375.0176
2025-07-30 07:25:00+08:00,3.1318,3.1319,3.1291,3.1317,324738,1016807.3994
2025-07-30 07:30:00+08:00,3.1317,3.1343,3.1281,3.1294,808830,2533322.9214
2025-07-30 07:35:00+08:00,3.1294,3.1367,3.1291,3.1332,562302,1761998.0302
2025-07-30 07:40:00+08:00,3.1332,3.1335,3.1246,3.1246,800306,2502606.6988
2025-07-30 07:45:00+08:00,3.1246,3.1283,3.1213,3.1283,428368,1338949.7774
2025-07-30 07:50:00+08:00,3.1283,3.129,3.1243,3.129,269972,843959.4196
2025-07-30 07:55:00+08:00,3.129,3.1298,3.127,3.1272,204840,640707.7216
2025-07-30 08:00:00+08:00,3.1272,3.129,3.1234,3.1257,733522,2293204.6488
2025-07-30 08:05:00+08:00,3.1257,3.1259,3.1198,3.1216,613220,1915355.045
2025-07-30 08:10:00+08:00,3.1216,3.1305,3.1189,3.1274,348406,1088843.419
2025-07-30 08:15:00+08:00,3.1274,3.1311,3.122,3.122,353850,1106912.9842
2025-07-30 08:20:00+08:00,3.122,3.1227,3.1121,3.1162,794388,2476014.3712
2025-07-30 08:25:00+08:00,3.1162,3.1174,3.1122,3.1141,1647420,5130995.1
2025-07-30 08:30:00+08:00,3.1141,3.1204,3.1088,3.1093,1070404,3332982.3838
2025-07-30 08:35:00+08:00,3.1093,3.1161,3.1056,3.1149,7141588,22199089.6456
2025-07-30 08:40:00+08:00,3.1149,3.1157,3.107,3.1106,455572,1416779.347
2025-07-30 08:45:00+08:00,3.1106,3.1127,3.102,3.1021,1619082,5026374.3066
2025-07-30 08:50:00+08:00,3.1021,3.1163,3.1019,3.1137,928176,2887891.7874
2025-07-30 08:55:00+08:00,3.1137,3.1214,3.1136,3.1207,1270834,3964136.085
2025-07-30 09:00:00+08:00,3.1207,3.1222,3.1157,3.1214,258606,806833.504
2025-07-30 09:05:00+08:00,3.1214,3.1219,3.1167,3.1178,198046,617864.87
2025-07-30 09:10:00+08:00,3.1178,3.1206,3.1118,3.1182,366698,1142914.9114
2025-07-30 09:15:00+08:00,3.1182,3.1194,3.0913,3.0961,2064244,6396250.6036
2025-07-30 09:20:00+08:00,3.0961,3.1049,3.0931,3.0973,877996,2720583.3992
2025-07-30 09:25:00+08:00,3.0973,3.1013,3.0953,3.1005,366956,1137140.6496
2025-07-30 09:30:00+08:00,3.1005,3.1136,3.0981,3.1131,895578,2781840.5608
2025-07-30 09:35:00+08:00,3.1131,3.1307,3.113,3.1262,1414284,4418809.222
2025-07-30 09:40:00+08:00,3.1262,3.1338,3.1262,3.1338,849480,2659797.7934
2025-07-30 09:45:00+08:00,3.1338,3.144,3.1328,3.1388,3661556,11493663.2922
2025-07-30 09:50:00+08:00,3.1388,3.1394,3.1339,3.1373,6369076,19975541.7838
2025-07-30 09:55:00+08:00,3.1373,3.1378,3.128,3.1309,1462074,4582322.4164
2025-07-30 10:00:00+08:00,3.1309,3.1343,3.1221,3.1222,492842,1541596.0078
2025-07-30 10:05:00+08:00,3.1222,3.1282,3.1212,3.1282,695152,2171911.137
2025-07-30 10:10:00+08:00,3.1282,3.1417,3.1254,3.1406,697328,2186169.0474
2025-07-30 10:15:00+08:00,3.1406,3.145,3.1335,3.1337,1391226,4369357.8134
2025-07-30 10:20:00+08:00,3.1337,3.1374,3.1309,3.1314,541778,1698008.005
2025-07-30 10:25:00+08:00,3.1314,3.1318,3.1265,3.1297,260382,814778.7686
2025-07-30 10:30:00+08:00,3.1297,3.1336,3.1231,3.1327,810300,2532507.7728
2025-07-30 10:35:00+08:00,3.1327,3.1332,3.127,3.1275,501378,1568743.9902
2025-07-30 10:40:00+08:00,3.1275,3.14,3.1275,3.1366,531628,1667449.785
2025-07-30 10:45:00+08:00,3.1366,3.1432,3.1332,3.1432,580328,1820873.9108
2025-07-30 10:50:00+08:00,3.1432,3.1449,3.1408,3.1415,750006,2356967.6612
2025-07-30 10:55:00+08:00,3.1415,3.1431,3.1357,3.1396,497106,1559881.3774
2025-07-30 11:00:00+08:00,3.1396,3.1397,3.1353,3.1358,381644,1197240.9982
2025-07-30 11:05:00+08:00,3.1358,3.1365,3.1286,3.136,497022,1557078.6576
2025-07-30 11:10:00+08:00,3.136,3.1381,3.132,3.1381,158070,495558.0062
2025-07-30 11:15:00+08:00,3.1381,3.1413,3.1342,3.1396,254564,799087.952
2025-07-30 11:20:00+08:00,3.1396,3.1439,3.1363,3.1411,480552,1509633.4842
2025-07-30 11:25:00+08:00,3.1411,3.144,3.1384,3.142,193698,608413.0768
2025-07-30 11:30:00+08:00,3.142,3.1433,3.1409,3.1424,352422,1107388.7038
2025-07-30 11:35:00+08:00,3.1424,3.1466,3.1419,3.1462,455888,1433842.9636
2025-07-30 11:40:00+08:00,3.1462,3.1492,3.146,3.1472,843620,2655467.5192
2025-07-30 11:45:00+08:00,3.1472,3.1472,3.1388,3.1419,577594,1815411.553
2025-07-30 11:50:00+08:00,3.1419,3.148,3.1412,3.1427,259446,815830.4046
2025-07-30 11:55:00+08:00,3.1427,3.143,3.1358,3.1372,550172,1726998.1946
2025-07-30 12:00:00+08:00,3.1372,3.1423,3.1355,3.1423,339964,1066815.0182
2025-07-30 12:05:00+08:00,3.1423,3.1456,3.1418,3.1454,167386,526233.076
2025-07-30 12:10:00+08:00,3.1454,3.1458,3.1409,3.1418,168710,530220.0484
2025-07-30 12:15:00+08:00,3.1418,3.1422,3.1379,3.1388,219780,690099.3954
2025-07-30 12:20:00+08:00,3.1388,3.1427,3.1388,3.1394,141958,445892.3
2025-07-30 12:25:00+08:00,3.1394,3.1432,3.1389,3.1391,113188,355594.1016
2025-07-30 12:30:00+08:00,3.1391,3.1391,3.1232,3.1235,3146102,9840495.0522
2025-07-30 12:35:00+08:00,3.1235,3.1265,3.1147,3.1185,3190860,9955781.3684
2025-07-30 12:40:00+08:00,3.1185,3.1245,3.1159,3.1221,1581856,4936111.6492
2025-07-30 12:45:00+08:00,3.1221,3.1223,3.1114,3.1168,1041218,3245828.0006
2025-07-30 12:50:00+08:00,3.1168,3.1198,3.1144,3.1183,496788,1549103.4122
2025-07-30 12:55:00+08:00,3.1183,3.1203,3.1144,3.1184,747420,2330656.2114
2025-07-30 13:00:00+08:00,3.1184,3.1227,3.1132,3.1219,451568,1407370.6994
2025-07-30 13:05:00+08:00,3.1219,3.1228,3.1083,3.109,680742,2120373.6846
2025-07-30 13:10:00+08:00,3.109,3.109,3.1034,3.1049,1150350,3572478.2252
2025-07-30 13:15:00+08:00,3.1049,3.1125,3.1024,3.1124,1227552,3814900.2956
2025-07-30 13:20:00+08:00,3.1124,3.1152,3.1076,3.1151,480282,1494026.9994
2025-07-30 13:25:00+08:00,3.1151,3.1201,3.1135,3.1194,742572,2315263.9942
2025-07-30 13:30:00+08:00,3.1194,3.1206,3.1141,3.1156,546540,1704258.7346
2025-07-30 13:35:00+08:00,3.1156,3.1221,3.1145,3.1191,643670,2007393.0646
2025-07-30 13:40:00+08:00,3.1191,3.1226,3.1182,3.1203,226038,705627.6394
2025-07-30 13:45:00+08:00,3.1203,3.1285,3.1152,3.1282,1533140,4784494.637
2025-07-30 13:50:00+08:00,3.1282,3.1326,3.1263,3.1263,752790,2356285.4126
2025-07-30 13:55:00+08:00,3.1263,3.1329,3.1262,3.1325,691584,2165265.5996
2025-07-30 14:00:00+08:00,3.1325,3.1418,3.1321,3.1414,934330,2931995.4574
2025-07-30 14:05:00+08:00,3.1414,3.1421,3.1355,3.1372,338314,1061940.2726
2025-07-30 14:10:00+08:00,3.1372,3.1401,3.1364,3.1388,359792,1129320.0972
2025-07-30 14:15:00+08:00,3.1388,3.1409,3.1378,3.1399,217668,683367.3118
2025-07-30 14:20:00+08:00,3.1399,3.1399,3.1319,3.1334,5313528,16659432.781
2025-07-30 14:25:00+08:00,3.1334,3.1383,3.1333,3.1376,296980,931292.2662
2025-07-30 14:30:00+08:00,3.1376,3.1407,3.1345,3.1353,461350,1447933.2428
2025-07-30 14:35:00+08:00,3.1353,3.1362,3.1277,3.1317,1099576,3443919.1732
2025-07-30 14:40:00+08:00,3.1317,3.1388,3.1308,3.1372,621994,1950688.1736
2025-07-30 14:45:00+08:00,3.1372,3.1405,3.1323,3.1402,1492784,4685466.027
2025-07-30 14:50:00+08:00,3.1402,3.141,3.1371,3.1376,1982902,6225235.8822
2025-07-30 14:55:00+08:00,3.1376,3.141,3.1368,3.1375,328450,1030984.2168
2025-07-30 15:00:00+08:00,3.1375,3.1403,3.1336,3.1347,682302,2140847.5354
2025-07-30 15:05:00+08:00,3.1347,3.1445,3.1347,3.1365,1303786,4096402.089
2025-07-30 15:10:00+08:00,3.1365,3.1373,3.1284,3.1322,1153350,3612099.3534
2025-07-30 15:15:00+08:00,3.1322,3.134,3.1322,3.133,123788,387871.0848
